1;CZ1JBAPZDV;L736NU86;Kia;Optima;372305
2;BPBNKRQE3M;Y240JO59;Mazda;CX-3;189906
3;GOACLYUGGR;U306RF58;Chrysler;Concorde;640864
4;5Z1SDW6WAD;C503WY76;Subaru;Crosstrek;322134
5;8NU0XDW29E;M113FL95;Subaru;BRZ;894786
6;6PPBKAHBBE;M670ZZ81;Toyota;Highlander;625897
7;IPNF02RYB5;M814XR88;Hyundai;Tucson;474738
8;SBBQLRB2F8;Y268NP52;Dodge;Neon;777034
9;84Z9L309XI;M408SE80;Tesla;Model Y;252034
10;U58PZMHAQF;K417YG97;BMW;5 Series;788261
11;HU2PKRPT9P;K954RG75;Nissan;Titan;792024
12;9CSWUEE3C7;I413AH66;Chrysler;PT Cruiser;572527
13;NUU9U7D8Y0;G587WC21;Nissan;Leaf;198658
14;0IGB0VAN01;V387SC87;Hyundai;Kona;932144
15;WVAQDCNV9H;U279AC23;Mitsubishi;Eclipse Cross;81848
16;9LO9V4UGZY;C653YZ79;Ferrari;F8 Tributo;312691
17;6NBBVYW9EG;Y979OT35;Nissan;Titan;394887
18;PIEJUZB02U;J289RQ70;Tesla;Model S;4912
19;Q04G4SL0JY;R712BI95;Lincoln;Continental;371104
20;F8R5JLOCWS;C754KJ86;Lincoln;Corsair;506838
21;WY7FHKWY1M;M397JW14;Bugatti;EB110;265138
22;UOTWGSZL4B;K734HF71;Ford;Escape;493244
23;ENMECPHJBW;Y907WW19;Kia;Optima;340620
24;5HFMQKLPS8;T144UH30;Honda;Ridgeline;261894
25;QNYM92TELG;L750MI74;BMW;5 Series;320794
26;HE2LN7WPNA;X452VB89;Rolls-Royce;Wraith;691330
27;NWET4YAQIY;U739IA46;Honda;HR-V;528310
28;XXUE9771XC;Q299TH71;Porsche;Macan;964000
29;5WUVMBD01B;D339KS46;Fiat;500L;913710
30;W5SS1OSU21;M947BK97;Lexus;LX;553098
31;V0QWVREKCM;X876EZ60;Aston Martin;Rapide;39639
32;814T34MTW6;A753FT30;Toyota;Corolla;635051
33;MX39OJFS78;U138FS66;Renault;Talisman;48434
34;LLKF3VCYJQ;P154IV46;Volkswagen;Touareg;288172
35;JZ4252HZ1R;J869QM59;Mazda;CX-5;696568
36;F0TB3VM6OG;P464NJ18;Mitsubishi;Mirage;598569
37;K1VMKY4NGW;T408NN12;Honda;HR-V;943006
38;82H01KXPJ6;Q477DF42;Peugeot;3008;195398
39;AF7PZE8J99;C746IN10;Maserati;GranTurismo;270481
40;LTDTX9VD00;V244AF74;Peugeot;3008;740904
41;8VV0WZGH4C;Z232RN25;Jeep;Grand Cherokee;914246
42;QDX1VWTKHZ;I693MY79;Dodge;Viper;39159
43;YEYG71B9M6;K497XL95;Kia;Sorento;37468
44;RAJ5BFTZB6;U370VT45;Renault;Talisman;727531
45;6I5KDO3L4E;A728EM92;Mazda;Mazda2;226752
46;88F26V8DNW;D285BW69;Volkswagen;T-Roc;72072
47;7IHKR5OJM6;E265FC91;Cadillac;ATS;521984
48;UKG8772L43;G770KB36;Peugeot;108;289936
49;V4HIFQOZLK;V643RQ31;Volkswagen;Atlas;183971
50;449J75NNRX;F356KG55;Lamborghini;Sian;668965
51;GLZG0K9XWI;W171GP67;Audi;A3;669775
52;28XWWN0H2G;E426SV96;Volvo;XC90;213897
53;ZNZGHG3U02;A690VP62;Dodge;Ram 1500;616062
54;J85HBZ19P2;O145MN79;Chevrolet;Blazer;747387
55;HNMRQL52XP;S309MY83;Ferrari;488;328327
56;1QDOVJSQWA;J496FL58;Volkswagen;Passat;771550
57;7XSFNE2NUA;R275XK94;Ford;Ranger;812480
58;F8UWGJPD27;V400IU49;GMC;Acadia;949628
59;T3ST7W0QBQ;J646CJ33;Jeep;Commander;394950
60;VDWV6ROP6Y;V262KF15;Nissan;Sentra;721068
61;MLGN7ITAVB;P514WV95;McLaren;600LT;659946
62;1QYYFTZGJB;E580HW71;Lincoln;Nautilus;683456
63;TRXQLW63RT;C582FP70;Nissan;Pathfinder;321144
64;U7GLUYLIHA;T977QI57;Rolls-Royce;Silver Shadow;574130
65;0ACJJAMDMP;S827VL94;Toyota;Prius;729520
66;TJ81LO7240;N909QW98;Maserati;3200 GT;692708
67;WKI1PRV1N5;B200EQ23;Fiat;Doblo;227172
68;EWBNEPUI71;F143AP71;Chevrolet;Equinox;248572
69;THXM8FH4XS;J777FC97;Audi;Q8;603432
70;PV0QEPUHGW;M230PQ78;Porsche;911;395353
71;OC91WVF1B8;I676DY47;Tesla;Model S;114089
72;ZN0MZ3NBJ6;K213AR28;Lamborghini;Aventador;219729
73;W88ZJUAN2D;H497KH49;Lincoln;MKZ;615993
74;N6BXXA8ISV;X980SQ42;Lexus;LX;430019
75;2QWTGUG04C;J260SE60;Peugeot;5008;532751
76;BRV58XVYA8;Z953WU82;Aston Martin;DBX;948813
77;D3BCEDZDQL;T455KM21;Mitsubishi;Galant;790355
78;842V8UEK9O;H557DX68;Chrysler;Concorde;709149
79;OAGFOBPAGE;P294CO71;Bugatti;Centodieci;198948
80;BPEGUH0RJW;L978GX33;Peugeot;308;170764
81;2LV5JLQ3IE;D488ZM81;Subaru;Forester;347499
82;38XJ7D4ZQV;Y270TD69;Bugatti;Bolide;892301
83;AEF15TU163;B595KH34;Hyundai;Kona;898296
84;I15T810HCO;M545JT33;Hyundai;Elantra;414092
85;7TNB4UX1IC;L335OZ38;Cadillac;CT6;102383
86;HJXF0XWVH0;U183QR56;Hyundai;Tucson;478697
87;QYETQ82RZ4;H844MP80;Chrysler;Concorde;464181
88;EOY54WMLTU;D921KH32;Nissan;Versa;838461
89;D957CQGAB7;R774VO20;Audi;A4;75
90;N9V8R65KJZ;J648XJ15;Volvo;XC70;506509
91;CDCQ5ON1D8;K224JK35;Kia;Sportage;682730
92;J7J4Z2DPHL;Z208UY73;Peugeot;308;997943
93;OP8RHS3BK9;Z524XB89;Nissan;Versa;511562
94;EC7X2C4W9A;X242ZP38;Chrysler;200;622291
95;HSEIWRUSAR;O880GB26;Peugeot;508;658247
96;HI1U0F34NT;R435UR85;Porsche;Cayman;118417
97;47HLXCF2WW;O861UP84;Porsche;Panamera;529347
98;9R7950OUXQ;Z632KV23;Tesla;Model S;448596
99;DNJT6SS5F3;U923TE48;Peugeot;2008;679668
100;PPE7YPCBWE;T155NU50;Volvo;XC70;252192
101;5YPBFND8QY;U420WU28;Mitsubishi;Galant;349494
102;IKRZ03Q05I;O677SS37;Audi;A5;324680
103;RSAFDBJ1B5;S440ZE65;GMC;Terrain;929273
104;Y109THDBOL;L524ZC56;Kia;Forte;165857
105;Q7KIW92T0V;G461ID80;Subaru;Ascent;976368
106;H39VKQSHG1;L805CY55;Jeep;Patriot;800698
107;CCBUNIEB7N;Z386CH87;Toyota;4Runner;746842
108;FLZAMD3WL5;X944FI25;Volkswagen;Tiguan;703176
109;5ICIAG7TD6;C196EW72;Ferrari;LaFerrari;941518
110;HN1Y8UDIS1;C429GN41;Tesla;Model Y;587567
111;76XOBOIJTJ;I555DH36;Chevrolet;Blazer;362812
112;S77UQ9P91N;Z362YQ30;Bentley;Continental GT;306841
113;PBW3L14VSM;M513SK39;Audi;A5;328423
114;WFEXTHSPJS;K469ML67;Toyota;Highlander;896047
115;9HC6Z1DIM7;L768VL41;Lamborghini;Countach;680257
116;7LRTK7KH2K;N254KF29;Mitsubishi;Eclipse Cross;122117
117;UIYKW7QQAT;A839AA28;Lamborghini;Countach;932137
118;QEHY5NIZ1H;L334DM37;Cadillac;ATS;662573
119;V39EXNJQ58;W328YW73;Volkswagen;Polo;436972
120;843JDT3FAQ;H291MA14;Dodge;Charger;801749
121;8APFLLLEWV;P325PU59;Ferrari;LaFerrari;751144
122;AU0ZKEQ150;I815XQ38;Rolls-Royce;Cullinan;43124
123;FTEQ5HNVCR;B328WZ73;Fiat;500X;548429
124;QLG01CQWMG;L798QX33;Bentley;Flying Spur;565325
125;FK0JXBLO9M;R819MD91;Hyundai;Elantra;487583
126;9HMQU2T8SU;U794EJ53;Aston Martin;Rapide;795191
127;X9GVFZD7OW;A301TL84;Mazda;CX-9;832707
128;3IZ8QGR5ER;V262SE31;Skoda;Scala;935962
129;F7KWHAZMI2;C539MZ50;Lamborghini;Murcielago;654204
130;EPGSSJAZD2;D565SW19;Ford;Ranger;441704
131;MMSY1MS1FR;G155FP29;Aston Martin;Vantage;455518
132;VEMYYXWRRV;N662RJ28;Subaru;Forester;74544
133;E1LN2Z2KKN;U261OZ59;Peugeot;108;784324
134;IXKOE8M2Y8;T269AZ32;Hyundai;Elantra;342860
135;SKAHG5L7FQ;I439GP44;Subaru;Forester;959591
136;RB4VC8PK35;Q249HS21;Lexus;NX;943464
137;BQG7IM4MJH;S981XP57;Peugeot;508;789329
138;PZDALX24H7;M369YR70;Volvo;XC70;759145
139;VPTZEFRV93;M918LL42;Renault;Megane;450458
140;2NCGLJDY8Q;J259TY12;Kia;Soul;72196
141;8NHNR815DI;G353LG86;Mercedes-Benz;EQC;795277
142;BZ94411EST;U418IM96;Subaru;Legacy;190613
143;VCZYYJG9OH;O797OG15;Hyundai;Nexo;335872
144;0Y374OYMHA;E757QU19;Volkswagen;Golf;616550
145;MGVED8NYPO;B857MA21;Honda;Accord;301066
146;I5ETVQC7YB;V854RJ41;Tesla;Model X;382073
147;833I7V325F;Q538OQ80;Honda;Ridgeline;346012
148;Y76PO0S3BL;E576HQ62;Bugatti;Centodieci;368400
149;FR73VRJGBG;F128LI70;Bentley;Mulsanne;674588
150;LE3M1UB4DQ;T234HI57;Ford;Bronco;286122
151;PV29RSG4AE;G128SG99;Ferrari;Roma;820253
152;08JDZJONRF;J672BW88;McLaren;F1;569777
153;SS0DCM2GJ4;Z247ZW58;Skoda;Kamiq;237283
154;CRJSSBVZYV;W341VY30;Aston Martin;DB11;671108
155;WVWHND829Q;N612DK17;Nissan;Frontier;585775
156;2TQTKV0M7H;F422SB28;Peugeot;508;445496
157;WIYAO4H1I9;C839WV61;Ferrari;Enzo;937785
158;U64VGNE339;M488NU96;Renault;Arkana;743579
159;18Z4S8MX6I;V924VX21;Maserati;Quattroporte;461364
160;4WD35F19A6;C995HW58;Audi;A4;490875
161;OJBFLCKGDV;A976PR96;Nissan;Titan;800031
162;DUFZNSWEKZ;G262GZ35;McLaren;570S;846527
163;ENFUERPBYA;H917CD24;Honda;Insight;978059
164;MDW6PN6IYS;S270LL78;Jeep;Liberty;511582
165;YJ1YAI80LG;M316CF59;Volvo;S60;558466
166;IHHL83L5NS;H557ME60;Toyota;Highlander;504156
167;REQMWJXT6G;T286WI87;Aston Martin;One-77;369281
168;0F14BKG9DH;I575LN33;Lexus;LC;470410
169;ZDF1QPUNZK;Y717US42;Peugeot;5008;926568
170;DL6XFS0AHV;T342CB54;Honda;Fit;386151
171;VZYCNAFS56;N167LN24;Peugeot;5008;943930
172;AFZC3LDUDH;Q633AO69;Peugeot;Partner;609937
173;JQ3WPN9NVT;W443TR16;Mazda;CX-30;686235
174;E3OYMWDGFP;O625DW43;Volvo;S60;282130
175;43SW4QG1OJ;H373NB81;Kia;Telluride;33793
176;1TAPWE2F2B;T344ER11;Jeep;Grand Cherokee;436858
177;CF7I1VPJJC;M227DM33;Jeep;Commander;302777
178;7V09PNAPZG;F304OG41;Tesla;Model 3;602060
179;48U0BHOFKF;J378GJ35;McLaren;Artura;666411
180;SOFR23N9Q4;J720PM69;Bentley;Arnage;304371
181;HX1MASDSME;P607CJ69;Bugatti;Veyron;418176
182;DG63SBSG1M;T713PP83;Audi;A3;316520
183;42CMV7OPZI;S900YU52;Renault;Clio;22092
184;VJ7SFAKR35;F850SF68;Bugatti;EB110;203805
185;C65E8BS7FA;X839UO89;BMW;5 Series;663594
186;1QFF3BPM8X;Y811ZI57;Lexus;ES;796815
187;LQPHHBXSI9;M466PT99;Cadillac;ATS;811256
188;9CFYX0B1B5;X129PI22;Chevrolet;Suburban;675254
189;H7ENKHJDUW;H122FE82;Honda;Ridgeline;585295
190;OSWICLJQNO;A877DF15;Lexus;RX;197709
191;HBXN4A0J5G;L487JX65;Lexus;NX;427085
192;NK1MVT75TX;O288KO54;Cadillac;Escalade;559006
193;WRESYH20NR;Y958RA95;Mercedes-Benz;A-Class;820559
194;4FL6O8ZKY1;I168IP42;Skoda;Scala;760834
195;LZ7AD49PWY;F843YB87;GMC;Envoy;518102
196;7JG6NA2T99;T675EW13;Lincoln;Corsair;899318
197;I2VW7LLGGM;R376SL17;McLaren;720S;687411
198;CPEQKFY1FX;O187JB25;Volkswagen;Golf;622802
199;IZLW0YFKF8;H598GG55;Lincoln;Aviator;309064
200;NRO0NR7MY5;C219FY47;BMW;X1;393028
201;KU3PXPRQP8;G409ZJ86;Ferrari;F8 Tributo;828337
202;ERDJTQV7C1;C816WZ28;BMW;i4;327596
203;TSATE1S0AY;Y414BX40;Honda;Passport;209731
204;IUVD0796FS;R509JD22;Rolls-Royce;Dawn;727976
205;38K5674BEU;I829JN39;Lexus;RC;983063
206;E54741AUMZ;J831UH69;Lexus;GX;503718
207;B2SN1ZRLGZ;R742OI91;Bugatti;Type 57;448802
208;FM5TQ7MK76;P969PE21;Toyota;Tundra;989556
209;2ZT62ACMKW;Q443LX98;Chevrolet;Traverse;606216
210;D3WM6H30NR;A218UZ58;GMC;Yukon;551181
211;MMVGVC7V1W;W640LB29;Chevrolet;Suburban;450538
212;462XNVAV3L;S482NN19;Ferrari;Portofino;388104
213;30OGPZ5ZUJ;X825EJ78;Kia;Sportage;433200
214;AOVKDPWMFY;U860QT84;Lincoln;MKZ;414112
215;LEXZHPQSA7;K738UZ20;Lexus;UX;881917
216;X6RYGL5SBS;M542LG13;Renault;Arkana;974056
217;HEQ17EGTD9;O574JH36;Cadillac;XT6;444853
218;6JBJON62LY;C104BG14;Fiat;Panda;413445
219;1QQY1OZ3EM;O502ZV66;Volkswagen;Atlas;53117
220;PYPTF67FTD;W179AG94;Volkswagen;ID.4;689965
221;XGN4ZHEDFS;S171LJ45;Ferrari;488;795662
222;W2K3RP05HC;C209GG42;Ferrari;Roma;214435
223;GO57AAWMPJ;R992PH82;Lexus;LS;114058
224;Z1JZ5EG3ZL;N685WP78;McLaren;P1;794256
225;THUW89HUCQ;M812NI43;Cadillac;XTS;937824
226;U8JL0F1N4D;E342CP76;Renault;Koleos;341720
227;2378X6HMCR;L349IP30;Honda;HR-V;329096
228;ERMIX1Z2IK;Z422WQ58;Hyundai;Elantra;573353
229;E0Z8PI71PD;X236LW25;Renault;Captur;403459
230;O3XXBWCPJ5;D677UY30;Nissan;Frontier;948683
231;FR4IDGV7G2;S880KL43;Chevrolet;Tahoe;152939
232;RZFKANB14N;P900PT50;Subaru;Outback;735347
233;PS8ZXLTYSV;E726DC44;Tesla;Model X;875670
234;ITSP0VHZFH;L135YU85;Lamborghini;Sian;774292
235;S5DMS725V6;D757DV16;Lamborghini;Sian;883469
236;YL9IECLIS7;C453GP92;Bugatti;Bolide;446227
237;YFPHYTU7QQ;S838GO42;McLaren;720S;775687
238;7183IPQ7YE;F837LK98;Mitsubishi;ASX;731391
239;L5Z2YW4EKM;F719GX78;Volkswagen;T-Roc;223047
240;1VTY8B1J8I;D929WW60;Lamborghini;Countach;540355
241;55NHQXL9V8;R542ZT12;Dodge;Avenger;966856
242;CLGDDTY8CA;N202QH57;Mazda;CX-3;381640
243;B25CB3Z872;X653VA73;Lincoln;MKZ;229819
244;ML2LHCXKZH;G666DE84;Skoda;Yeti;297780
245;LRLWPU8I3J;C407VK92;Dodge;Dart;689217
246;M3LKMPCNNH;A771QH64;Mazda;CX-3;457192
247;OVVYBB3GL1;J727RL59;GMC;Envoy;947277
248;07HWJWJD4U;Q102EI79;Tesla;Roadster;405082
249;3AV9UBDJ2U;K138BY66;Mitsubishi;Eclipse Cross;534418
250;DH5N4SHEIE;S554ZG24;Renault;Captur;881475
251;8TV9ZJ8PYV;O136DW83;Hyundai;Venue;670167
252;L7EKMCPY86;Z783DD90;Honda;Passport;486752
253;L8GNDRKKQT;H750WD69;Mercedes-Benz;GLE;239910
254;Y0JHUBJOW8;M384OA31;Lexus;ES;548636
255;38CQ057JDX;C278QP35;Tesla;Roadster;312740
256;S3VUZJ7I8P;Y751SW76;Audi;Q3;369400
257;7GQMOPENIX;R407OU17;Peugeot;108;623290
258;Q7CQKIEOMD;N967HU49;Tesla;Model 3;716036
259;5R9RI0Z50X;I637TR93;BMW;3 Series;180285
260;Y4D1C1QKLT;S368OA80;Hyundai;Nexo;656358
261;SNXVQBO3SY;U914GP15;Nissan;Armada;738243
262;DDV6ROQ812;I277RM80;Peugeot;208;827355
263;W93XNTV42W;D196RW58;Chevrolet;Malibu;978557
264;CBJL9PDQG4;X382DE38;Renault;Clio;341920
265;Z2MPV5L06S;H372LI49;Fiat;Bravo;543734
266;B631YK2QRM;Y937LI46;Bentley;Mulsanne;796631
267;MGQLSHLB4G;P144YN86;Aston Martin;DBS Superleggera;715225
268;2G59RACVEC;M811FH57;Cadillac;CT4;630157
269;ZRUDUOZNL8;E875OJ12;Chrysler;PT Cruiser;854643
270;5SSL9EX3HF;J300HW41;Ford;Ranger;885794
271;S3JJ1V1WNB;G532WC69;Ford;Fusion;120740
272;07N1ZJLJ9O;V115YM62;Porsche;911;343769
273;69ZPRWA8DI;M606TY66;Nissan;Armada;808221
274;2LXF0R7OP9;R456HL89;Chrysler;200;518679
275;UPHJTSJOFA;Y987AX72;Mercedes-Benz;C-Class;115759
276;BTLZD2XIDW;H198OJ56;Ferrari;812 Superfast;26964
277;LXO4WZ9TPW;S865KE89;Mitsubishi;Mirage;730000
278;2OA7FNC1QZ;M132HG61;Lexus;NX;488644
279;UVK40Z62LS;B434LH77;Volvo;V60;272232
280;8DJQIVVFJX;E646JV35;Dodge;Ram 1500;711414
281;TPC4DYFRLM;C602JM93;Skoda;Scala;261104
282;PD5U77P8WQ;L532AQ22;Chrysler;Pacifica;959318
283;8JQOHDLBHA;Y894YO78;McLaren;F1;852344
284;LHMF5I23LM;M987QI83;Hyundai;Accent;315884
285;Q4N1NFA25N;T588KB40;Bentley;Arnage;914140
286;UX66O8NDEJ;O541IZ46;Rolls-Royce;Phantom;406600
287;DT5WPGS9WM;P493YA15;Aston Martin;Vantage;190737
288;PXMIMCR9P9;K781OA86;Cadillac;CT6;664093
289;64S9YIT1KI;Y780OJ60;Dodge;Charger;884697
290;4UGCDJ20ZG;F705GL44;Fiat;Multipla;389845
291;PJCHY6R2IY;G317UG92;Lincoln;Aviator;620757
292;CSPIQYLEE5;G958VK75;Ferrari;SF90 Stradale;244437
293;U8C9DV1SQV;J485XO50;Jeep;Wrangler;70273
294;QLTPK79GV1;M976SK43;Honda;Fit;323459
295;FOE4L0CH6M;V372NV23;McLaren;600LT;2565
296;OWBUW4LKZF;O245HM33;Bentley;Brooklands;983058
297;H0YP2C2XLE;E935KG85;Kia;Carnival;239030
298;2SNLHFAP7P;I358ND29;Skoda;Karoq;392294
299;WLAGIC6KDT;Y791AX10;Subaru;Legacy;618538
300;2WR4BL8TR4;X807DI55;Ford;Mustang;264776
301;HA7QHHL2DN;E416KH47;Fiat;Doblo;957247
302;51CIA73RE3;T727RD62;Rolls-Royce;Silver Shadow;927361
303;JVOOE8114F;S283HX93;Lamborghini;Urus;22999
304;PAVKDUSOEJ;W430JW28;Lamborghini;Murcielago;638983
305;MMCI2GB5BR;K970RB57;GMC;Yukon;195920
306;PHUV9SYAYN;B450VU62;Toyota;Highlander;374997
307;8ZVW2O8OLL;C952XS76;Tesla;Cybertruck;297670
308;GZ3CXZDEI7;B271CG80;Jeep;Patriot;156690
309;HMU8WCAY63;V506GQ81;Mazda;CX-9;913678
310;659VOH0O2Y;M704NJ48;Lexus;LS;328441
311;LCHML838IC;Q634UV95;Chrysler;PT Cruiser;164808
312;YGEEU8JISM;G991ML69;Bugatti;Bolide;989156
313;14WNWAVSZY;Y487IU42;Mitsubishi;Lancer;173381
314;654KIWEIKD;P536IH82;Lamborghini;Sian;246121
315;5R399B7JZS;B594BA23;Renault;Koleos;51222
316;LSQSGVCU2Q;P343NB23;Mazda;CX-30;670117
317;OZ8ASBLWV7;V517TJ18;Maserati;Levante;26259
318;QUNPXQO0EU;Z966EQ55;Mitsubishi;Mirage;545964
319;9VBVMUNSX1;R616KD73;Jeep;Grand Cherokee;633218
320;3F0JFYQKSR;W207OV14;Hyundai;Elantra;237545
321;4EYCNH6HY4;M809AL63;Lexus;IS;738110
322;5LFYALD220;L164KM33;Dodge;Viper;526574
323;K4R33LJNCP;V586VN18;Volkswagen;Arteon;167568
324;APAELO0CH2;O975LT67;Toyota;Highlander;54446
325;0RB575E2GB;J986PJ35;GMC;Canyon;378079
326;3GFKV7KOA4;U677VY77;GMC;Acadia;705091
327;VLHRE7JHXY;K289KC55;Mazda;RX-8;179902
328;STE7CLARHG;G496RC95;GMC;Envoy;789989
329;BL9ZG4BPJQ;X855YX45;Skoda;Fabia;207756
330;NF2HT4064L;W113SZ81;Renault;Arkana;218963
331;7APSBQEAJB;Z557VX81;Bugatti;Chiron;529971
332;NIOWVHUR0R;A158TU12;Fiat;500L;190360
333;ZMHR5AF7P3;P866TH49;Ford;Expedition;409224
334;B7S0W3HQPR;B390TA42;Ford;F-150;697965
335;KT3NJGY5EF;T783VQ94;Tesla;Model Y;57311
336;NRCLC81LX7;D642IK71;Tesla;Model Y;457674
337;YMHUSQJHBY;Y228XB79;Honda;Pilot;574760
338;IURS7HU33R;X611HE95;Toyota;4Runner;538910
339;6N2L1OMYTB;A956EO18;McLaren;F1;712771
340;56SZLXMAQX;R525OX53;Hyundai;Palisade;256504
341;4M255TRI8M;F756ZP44;Tesla;Model S;74326
342;MDMPJ3MQED;L208BX45;Maserati;GranTurismo;269775
343;RMOB579NGB;J514QE25;Maserati;Ghibli;255379
344;RLYTNFNJOU;V454KY23;Kia;Carnival;369369
345;9VHX1U9YOV;B142MV76;Lamborghini;Murcielago;8708
346;7ERDE3MZG5;I106QU93;Peugeot;3008;272295
347;8PDXCK8MQQ;Y329DR95;Hyundai;Venue;537246
348;CAEAIBGNZS;H975CF81;Jeep;Cherokee;610889
349;TDQ977BZ6I;O292FE13;Toyota;Land Cruiser;533554
350;7EW6ETCG2X;Y831GX30;Aston Martin;Rapide;697743
351;8VARMM5DFD;E849IM98;Rolls-Royce;Silver Shadow;612220
352;BF84YEYTOV;R451QH79;Fiat;Doblo;74530
353;XWWFZIYWR8;E588OF65;Bentley;Bentayga;200695
354;42Y0TYW0SZ;J232YF79;BMW;X5;202707
355;ORTO311F2T;U313XL18;Aston Martin;Rapide;417481
356;WCTQ8FXUW1;P851CO45;Kia;Sorento;438890
357;7VO28AWNGK;N771BC47;Cadillac;CT5;139564
358;2RY20AON7E;U170WQ32;Kia;Forte;854587
359;0XGKGCI9YM;A444XI15;Lexus;LX;369272
360;A2FDX7L44P;D445AN92;McLaren;Artura;172708
361;G08MZOK587;K364UD79;Chevrolet;Suburban;434719
362;KAHUFY8RLT;S358DX95;Nissan;Rogue;179282
363;H0Z70ASV7X;U688OC46;Tesla;Model 3;644092
364;A9OVW6RVDZ;S110TH64;Bentley;Brooklands;619646
365;ZLKL17G7RQ;L185LN66;Jeep;Gladiator;514406
366;2T98D7DTY2;L766BS47;Volkswagen;Touareg;60192
367;DP4LR7M6MZ;J835HE78;Chrysler;Voyager;828583
368;UADI5CIMUL;Q138JQ78;Ford;F-150;32007
369;PP0CRRYJSO;K647FM52;Audi;e-tron;901537
370;VWJ51BHU95;I391FF85;Nissan;Murano;865282
371;1XC98JEPF1;W612QT30;Tesla;Model X;497161
372;FAOVG67RC4;G567OI95;Honda;Passport;153580
373;PP26ACABU6;V424KG28;Porsche;Cayenne;789206
374;AC4DZUEJHW;M321YD52;GMC;Acadia;590072
375;MLS9E3I96E;W164SA14;Porsche;Carrera GT;69381
376;E15188XJ5W;O294AR41;Dodge;Challenger;291161
377;XDZEA786HA;Y301PW91;Porsche;Macan;580892
378;3DSFCHRBDQ;B667NE39;GMC;Savana;167470
379;Q9STNMC52H;O206HF84;Lincoln;Nautilus;29816
380;N4Y8CKL8XC;L925IA22;Maserati;GranTurismo;767282
381;O79K8PP0XE;H426HM72;Audi;Q3;970157
382;G5TZROWF03;U448NE26;Aston Martin;DBX;460767
383;2R7CFLUS1W;V376XG94;Ford;Focus;822399
384;HB9RWVY8YK;R727JB28;Bugatti;Type 57;6200
385;JAHLQBHZVL;L655XT41;Lincoln;MKC;318470
386;N0TDS386O6;B890JF36;Mazda;RX-8;456576
387;SQ9HDRJ84K;X805QK44;Volkswagen;Tiguan;1909
388;7LYP704P4L;J393DS37;Jeep;Grand Cherokee;618428
389;8P56CST3JC;P539NH52;Cadillac;XT4;499658
390;AMAHQHHSA4;F782SW55;Maserati;GranTurismo;680901
391;OLK0R49VE9;S324BX57;Kia;Forte;495591
392;930YM16IZV;O317HB89;Rolls-Royce;Phantom;641245
393;P6O4TL4JQM;I299HM36;Nissan;Rogue;276616
394;1SG6F6X9IY;B649OF27;Subaru;Impreza;291279
395;NQRW4MZLPS;I618ED38;Toyota;4Runner;867999
396;C0BOQFCA9X;S957TS22;Lamborghini;Aventador;758855
397;KU1CVEMSRT;W252CP98;Mazda;Mazda2;554048
398;563B1R5MPE;O575DF30;Audi;A3;588126
399;X6C8LBVPSR;J390FB32;Tesla;Model 3;369223
400;90I57K1353;T937CL75;Volvo;C40;748561
401;LJMMX5MI7R;V867ME66;Honda;CR-V;508061
402;0VNEPMCOVG;V633VL34;Rolls-Royce;Silver Shadow;347942
403;Q0VPT7EU7X;X786OJ24;Ford;Fusion;882204
404;XNILQ6OR54;F279TH55;Mercedes-Benz;GLE;881593
405;VEWQSFU4UU;P649FI14;Subaru;Crosstrek;903154
406;4QZK50RGE8;T135ZF44;Audi;Q7;200490
407;LLSST245F3;U965PH46;Lamborghini;Aventador;77387
408;8FYEGNTQE6;S861VF39;Jeep;Wrangler;734401
409;NUZQMCK136;F103RW89;Subaru;Impreza;202858
410;HES3V37USX;Q440HX13;Mazda;Mazda2;637620
411;TKQWZNKWNO;K923DL41;Lamborghini;Aventador;568541
412;PRV4P4ZK39;J140NG30;Porsche;Carrera GT;249626
413;W81XY2NEEX;K181SQ41;Mitsubishi;Mirage;128985
414;0WB985HWFX;N118KZ40;Fiat;Bravo;68485
415;H373O4FC4N;W699HJ91;Skoda;Fabia;472959
416;578QBSTJTU;A932KG57;Lincoln;Corsair;39730
417;LIH49FA0BZ;U866GO92;Lamborghini;Gallardo;863724
418;1RRWTQLPBH;P479XT10;Volkswagen;Atlas;635257
419;2PEBUE5M1O;C435ES12;Skoda;Yeti;468861
420;TOHRD65O13;M667ED82;Rolls-Royce;Silver Shadow;806702
421;RBKMIM15SI;U967KL12;Subaru;Crosstrek;507209
422;LOFNKRMUN7;F390HU94;McLaren;600LT;899611
423;Z47JDSHQOA;O431XI23;Fiat;500L;203205
424;GECBM1AIBK;X866KU96;Chevrolet;Equinox;953038
425;BVCMWHFVIX;C280WQ78;Hyundai;Palisade;150368
426;R11X7JYI6F;H262EO48;Renault;Megane;5552
427;MA4RGWAMZT;P531DF89;Toyota;Highlander;513692
428;SA8DLEVUGC;K363MK19;Volvo;XC60;896713
429;K9Q8OY0VBM;N290LI18;Tesla;Roadster;9248
430;ACMUMCMKGR;U447FD61;Porsche;Macan;628838
431;1REGF2LHU5;W796CG68;Honda;HR-V;516930
432;NCUBSNDXCC;X205KD95;Renault;Arkana;415798
433;V7HGQ4AGYT;P591UI52;BMW;X6;879322
434;5T39S9164N;Y451UQ77;Ferrari;Enzo;275749
435;VM6AVFE8VZ;T251WG73;Subaru;BRZ;754166
436;NQXVE0JER4;H468DG91;Aston Martin;One-77;238665
437;VR80XZWNIJ;E429JZ68;Tesla;Roadster;937991
438;OKJ08YF4GC;O433ED36;McLaren;MP4-12C;255760
439;68M6J3BEDB;D433OC20;Mercedes-Benz;GLA;769566
440;4OB72NTY2C;H634HP40;Kia;Niro;424313
441;LR5O7IWTH1;H210PR93;Dodge;Challenger;737172
442;CD49AKU2KK;P719KX52;Bugatti;Divo;774105
443;YF4KZLBWHG;Y191AC93;Lamborghini;Gallardo;59573
444;69TR3A9FVJ;W520LT45;Mercedes-Benz;GLC;738314
445;Y2QOJCFPGG;F305FJ50;Honda;Odyssey;170267
446;OWDYSG2HSF;X789JM56;Honda;HR-V;758284
447;RQ0O1J0XZX;A236DL64;Volkswagen;Passat;986677
448;8QGLC4L49L;D122KE11;Bugatti;Type 57;681496
449;MIEAHN1UAP;O445AW61;BMW;4 Series;894393
450;N060TPDHKP;L753HE17;Chevrolet;Equinox;566717
451;NYXEAK6MCQ;D925FO77;Ford;Escape;85427
452;HUB9WP8IWI;A599JZ72;Dodge;Durango;287990
453;GBG2CFARB1;W933RC97;BMW;X7;568263
454;LJ954RZ8M7;Q263MQ20;Hyundai;Elantra;880616
455;L8TRABPR96;Y164ND66;McLaren;MP4-12C;974494
456;0CPT1UVSY2;N583XZ75;Porsche;911;306830
457;UTIFMGTOMP;W287FR11;Nissan;Versa;528655
458;195GM9KKW7;L249ZH23;Jeep;Gladiator;576066
459;FNTEBTNETM;B123DR21;Kia;Rio;615383
460;N687HJUFTQ;I160YR62;Hyundai;Venue;709017
461;B70G0KS327;L297LB17;Ford;Edge;403678
462;ZEGNN45P5O;X969EM33;Peugeot;508;425616
463;JZPZGDIZUK;U710QH15;Chrysler;200;554216
464;PUY305TCVL;F344IU56;Kia;Carnival;774377
465;MKLYP4ANQS;A543ZG56;Hyundai;Nexo;971499
466;ZJICQ5KQ9I;C887YD40;Lexus;UX;164457
467;QK30I2R8HI;Z275YL53;Rolls-Royce;Cullinan;536302
468;0AFX32RVYR;Q405MY60;Cadillac;XTS;954012
469;JX3DRYA09R;J634WP30;Peugeot;Partner;842805
470;DGGQRBWGDT;K814XI21;Hyundai;Nexo;612862
471;X0QTMSNB9K;U938RK27;Bugatti;EB110;902621
472;1BRVM9U2PE;E533MY28;Honda;HR-V;248632
473;EG2ZUV4UIV;X623FM51;Subaru;WRX;304857
474;6ENMFA3SSW;Q844NQ90;Kia;Sorento;818550
475;1EPSI8P9RD;A734YA41;Dodge;Charger;550155
476;JJCH35JZHM;J653SP51;Kia;Rio;581316
477;FCL9TL6RSZ;N932TW81;Porsche;Boxster;577277
478;YN6YT2XHHS;J593VS77;Toyota;Tacoma;889578
479;MJ1C0ZBR6F;I161YJ43;Lincoln;MKC;938682
480;1UQHPVBHY4;R772GG10;Ford;F-150;941455
481;A3EZO2BHS1;Z275JD91;Lamborghini;Aventador;87268
482;NF07P6ENU0;W675DC47;Chevrolet;Impala;191412
483;RRH16QGAXJ;B647IM27;Subaru;Impreza;311923
484;WEFZ3UZ5KO;Z853UZ26;Lamborghini;Murcielago;18033
485;XAX7LE5XJ6;P565NW12;GMC;Jimmy;914951
486;02PE3CRCKO;G985CT90;Dodge;Durango;297762
487;XABH1OU1EU;D730FB69;Maserati;3200 GT;777978
488;CGF8CMLP8Y;Z554BK10;Peugeot;208;807502
489;KK96GNJE11;L621ST80;Lincoln;MKC;720430
490;95ZGL3SXFR;T118DA51;Jeep;Cherokee;461096
491;6OG239PKI1;L644GB76;Bugatti;Veyron;47758
492;GW39LRAV0N;Z869QN57;Renault;Megane;482734
493;K2QSMLO5XM;P118JV23;Fiat;Bravo;24460
494;C1HM97MYJZ;Z762JQ74;Bugatti;Centodieci;931887
495;2S7WTOCF1T;U720QC30;Ferrari;SF90 Stradale;818686
496;IW6P6Q0JU0;Z379QD19;Renault;Captur;702050
497;NY4BJX839W;F852SX18;Mitsubishi;i-MiEV;630406
498;M2N7O1ZOZ0;N176PJ52;Porsche;Boxster;125660
499;2Y30VEIC70;H691DU20;Renault;Clio;470086
500;FZEE9BV58J;Q714OL25;McLaren;Artura;286480
501;N43YC2PI35;K253FT30;Mazda;RX-8;896597
502;5WOFIE2LYC;M977FO43;Volkswagen;ID.4;124430
503;7WJMMIU1NH;A642DS68;Skoda;Fabia;70389
504;ZTRSA78NDU;Z527IB64;Peugeot;Partner;743407
505;PXPYR10OBP;U768IF38;Skoda;Kodiaq;959089
506;SIH92Y1B2Q;U164YA56;Porsche;918 Spyder;89548
507;1UKEVGS0QU;K261UE53;Honda;Passport;758043
508;SDEOUIMPM2;O250ZB39;Ferrari;F8 Tributo;690856
509;BZVNO09MKI;R911RN21;Peugeot;3008;332359
510;8PZOHEE7RV;A920JR47;Ferrari;Portofino;790873
511;KHRAWJ1D0E;M913OG74;Tesla;Cybertruck;282088
512;5W58QWFV8H;S415VL70;Kia;Sorento;105579
513;FIR59GBVR9;R939XA33;Tesla;Model 3;275491
514;0D7T9RYX99;R652XB91;Bentley;Flying Spur;61572
515;FBESOF38LD;K761TV62;Dodge;Journey;27140
516;G8AC02FQWW;T997WU74;Skoda;Kamiq;704818
517;UMUZEKOAA2;P536DW95;Skoda;Kamiq;593574
518;0NK8KPEWE2;A541TX51;Aston Martin;DB11;154979
519;HSTYCM5ESR;Q931FS22;Nissan;Armada;564047
520;6KLPR5YJXL;K896VG36;Volvo;V60;750424
521;TAPCMAWEVM;F750EK62;Maserati;Quattroporte;938291
522;R81K2O86J0;D420QE62;Mitsubishi;Pajero;53421
523;QBNKU4LF6U;E888TS10;Volkswagen;ID.4;501132
524;UL08DXP9FC;Q356CC47;Maserati;GranCabrio;154754
525;7ZWTAPIO2X;Z222TM66;Rolls-Royce;Corniche;855789
526;GSNVG496X0;G563YD20;Peugeot;2008;510876
527;YN0CTPOL8F;H223YM30;Maserati;Ghibli;192894
528;AORUDGD2HI;S197JO54;Mitsubishi;Lancer;977058
529;FD39VNZEXE;S762QL72;Volkswagen;Polo;131375
530;UM9LTGHGMC;U731KD35;Bugatti;Divo;735973
531;V7GWZLO6KH;A348VL93;Chevrolet;Equinox;636036
532;VNBX8RXRFW;I853FE40;Lincoln;MKZ;622535
533;NYJDVEUBXO;R447CY71;Chevrolet;Impala;7108
534;9DV2PHWNJL;Q915OM78;Lexus;NX;297781
535;8KX9D6R2PA;U607DT29;Cadillac;XTS;593301
536;SPOX1AR42N;O551UA25;Skoda;Fabia;312751
537;GEP0OL4WXN;S773YG82;Chevrolet;Suburban;454058
538;39UPYCSVPH;A182CP13;Volkswagen;Arteon;169858
539;VBD1Q3EXBB;R244XE91;Lamborghini;Diablo;33321
540;6BDNOZIRN6;S300ZE49;Rolls-Royce;Silver Shadow;979454
541;KGJWB2L4QP;B514AH41;Bentley;Continental GT;900187
542;QK33EU4V58;E383ZH12;Aston Martin;Rapide;148097
543;2PEPY6CMXG;A690LM76;Volvo;XC70;551098
544;YT66VO7QDN;N287NG69;Cadillac;XT4;373613
545;J40ONOK007;G605VZ59;Ferrari;Roma;682203
546;SC4QLKLLEF;L514PI88;BMW;4 Series;236674
547;413EBCKYSU;G878UJ80;Subaru;Crosstrek;53814
548;KQDD3ZZGZ4;N653GE32;Lexus;NX;42566
549;54MS2DOHOM;I823NF71;Bugatti;Divo;83471
550;76LX9KI11P;I802PD75;Dodge;Charger;972920
551;HHIIPHBR8H;O245OE71;Subaru;Outback;496893
552;3CHN34SZHW;D214DX50;Lexus;IS;294819
553;G1ZW499KW0;H282NM93;Ford;Expedition;600850
554;GYPTDSQ5DX;V567PN86;Skoda;Kodiaq;790357
555;H7AAS9EG1H;G987CW15;BMW;4 Series;438702
556;1KWDIUF1HI;T655HC65;Tesla;Cybertruck;556863
557;DU0IG1NASG;U661RK51;Mazda;RX-8;316541
558;7XME9W602B;T807FR40;Peugeot;Partner;183003
559;OF03QHK5BY;J840AQ51;Toyota;Camry;774956
560;78T38DDTM8;B446EB62;Subaru;WRX;506985
561;3D9899SVGI;N252LR84;Mitsubishi;Galant;424110
562;NFDW6B4ADU;G890KS34;Volvo;C40;473676
563;KG6PPIYOSC;L872YC16;Chevrolet;Cruze;8360
564;APA5XGQNWG;L240IY31;Bentley;Brooklands;682848
565;0OZM83VQZT;S500ZA78;Audi;A3;85653
566;YBYSNNPHWB;H354PR11;Mercedes-Benz;GLC;599320
567;IDA7H89LJI;O573BX82;Renault;Captur;439558
568;L7NXHQLSEV;A882BQ25;Bentley;Continental GT;339065
569;ER3NVM5W26;R663KB83;Fiat;Bravo;745074
570;9459YCCUJ0;S750ZJ23;Hyundai;Accent;734306
571;ETB6VB5JQ5;W193CA49;Lincoln;Nautilus;595257
572;OMNFV3013C;D458QV14;Ford;Escape;8967
573;UTSZ6UFWIY;D205SS43;Toyota;Land Cruiser;398285
574;BHNJLHT60U;M824PU50;Fiat;Doblo;867762
575;VPC5JQS1C4;U933CE24;Jeep;Commander;143926
576;FHGHC5ETPX;J886MJ88;Chrysler;Voyager;327395
577;S2F1HUDNJD;F978NR75;Volkswagen;Tiguan;886345
578;0XQEQJAQJC;B890EJ40;Lamborghini;Urus;478835
579;AUYNTVVLNH;V661OJ47;Bugatti;Type 57;858646
580;DZVA55742X;F548GW56;GMC;Envoy;312907
581;3IFF2I8BQ3;V375ND31;Cadillac;XT4;487332
582;GLPWXMPP07;P317QO92;Nissan;Pathfinder;919059
583;VRHW53A5NY;S870LR15;Aston Martin;Vantage;895244
584;02FNIJ9UF1;U263AZ12;Nissan;Rogue;553572
585;ZY9VD4RP9C;F424RR54;McLaren;Senna;213124
586;NSGDUUPYX5;Q415VP53;Chevrolet;Silverado;371916
587;W546WKJOIT;Z260XZ96;Mitsubishi;Lancer;993508
588;O6DAVT36D3;V300RK26;Audi;Q7;129555
589;7T7K44XBKM;I590IH57;Lamborghini;Countach;352290
590;XOAMVI03Y0;T204JH20;Dodge;Charger;400745
591;LPIF51O7IU;R129WA41;Audi;Q7;562044
592;Z5D5LNTUXM;P890CW62;Lincoln;Aviator;987319
593;2SS0CV7TPS;F715BL19;Jeep;Liberty;970545
594;WDFBK3N54Y;M252YZ34;Nissan;Murano;860115
595;0N1C2AFBQP;H615PT99;McLaren;F1;623277
596;BF4JAIYEL9;W227YA48;Aston Martin;One-77;257407
597;4JEXR442K4;M363OB87;Skoda;Kamiq;47046
598;QVAZV3AX84;Q504PF76;BMW;5 Series;652002
599;DALMT7UK60;M872EF86;Lexus;LX;252286
600;DHAOHS8P73;G196QW55;Fiat;500X;980404
601;MDHBQ4L7N5;I964WN22;Volkswagen;Golf;993999
602;5WDUN6F7QU;B977FK73;Lamborghini;Murcielago;109332
603;NOJF9M8CBR;G715WQ21;Audi;A4;643957
604;3DKAX4YOEG;Y455DI61;Chrysler;200;130746
605;VGOMDYRZC2;N383IW11;Porsche;Boxster;314564
606;8AKUI4QLMI;O789AI10;Mitsubishi;Galant;972775
607;6NY5H15BWC;K234JA58;Maserati;GranCabrio;318992
608;ED0UTPJFWD;Q241VV76;Dodge;Neon;952712
609;S9VD32PH6P;O680UL88;Audi;A3;505950
610;UA95ZUH8MK;K698BP43;Dodge;Ram 1500;488023
611;59L2J6G4C3;K750WG45;Rolls-Royce;Cullinan;977038
612;9N7EDBQYRI;M452DF75;Volvo;S90;21896
613;WNDSGT4KR7;V780KP21;Mercedes-Benz;C-Class;850921
614;W3V3ULEFOX;G964MF21;Dodge;Grand Caravan;293236
615;4J0ZOZNFKK;T784HA99;Jeep;Patriot;127214
616;37DRZDDWBZ;Y679LX22;Dodge;Neon;784035
617;GPRV4C4N7C;N673HB41;Lincoln;Navigator;281326
618;3L1WQXMWDQ;E784NW69;Porsche;Boxster;146045
619;9QN5TBBVPE;S648JE12;Mazda;Mazda2;879625
620;FSS3N2SU9H;E544GR18;Hyundai;Ioniq;117799
621;1OPF8D8LZ5;X574AM50;McLaren;P1;671147
622;N972TGPFC1;H107MY27;Dodge;Durango;778042
623;1VYX116LSK;H832VF10;Porsche;Cayenne;165113
624;JJ7GEGZNB7;G704ES39;Hyundai;Palisade;781058
625;XQTS5U03BZ;U850TT31;Tesla;Model 3;265619
626;SF0HEG6R1M;A743UI36;Tesla;Roadster;631094
627;BRWHGZQBDX;S393LF57;Mercedes-Benz;EQC;908106
628;HLVCP03PJH;R293VS14;GMC;Sierra;430267
629;BNQF08K79R;U333QA52;Volvo;XC70;218636
630;A6R35T2LJO;S931VY19;Lamborghini;Diablo;474789
631;X0UEYR8XLS;J246VQ32;Lexus;GX;563808
632;HD3IIXQOZ7;D456NJ51;GMC;Canyon;687234
633;A9YJP4Z9W4;C762DL30;Kia;Telluride;920936
634;GZJQBEOUVJ;U956JC36;Audi;Q7;630764
635;IMCOJY8MID;K519ZE59;Toyota;Corolla;885984
636;V2OP3MOA63;E854WU28;Kia;Carnival;85352
637;L73EJ51SYE;I122PW52;Lincoln;MKZ;80461
638;WWQKJD1BSC;Y440OS58;Bentley;Flying Spur;987697
639;9AA8L4LTDV;D300YG67;Mazda;CX-9;375271
640;FTHH6H3QQ3;H176GC23;Jeep;Liberty;204499
641;QG5JL1CWIM;K491GX73;Renault;Megane;181410
642;MNR3HSQ1HS;O272SW98;Volkswagen;Jetta;150081
643;FS6ZQFTX2C;M293JM65;Tesla;Model 3;715837
644;PYALLICFFD;S685MD76;Audi;Q5;100988
645;B2QQFAS38F;M418KU48;Kia;Forte;857026
646;0NDSQHJSUA;S811YY77;Tesla;Model S;784034
647;C1J31P2FSC;T418OH80;Maserati;GranCabrio;31764
648;RGSWTFNJF6;G210NN61;Renault;Captur;691198
649;86ANTI5U9P;Y657TQ74;Jeep;Compass;159907
650;UH64P8S70M;H253ZZ67;Chevrolet;Blazer;372648
651;052FKVV74K;L668TT86;Mercedes-Benz;GLS;389382
652;1KVPL2OJ79;M572PU10;Peugeot;108;460603
653;YNI32L9YBP;O135EQ87;Lexus;ES;150541
654;M84Q3AO4PJ;G568KY96;Volkswagen;Polo;948501
655;DPQTWG1QD5;I652UW61;GMC;Yukon;808138
656;CMVWC5TN7T;B451FZ13;Audi;Q3;311758
657;R0Y543N8W0;F533ZM26;Tesla;Model S;905354
658;PUHERXP2C3;I517YF60;Lexus;LC;326131
659;LRTL9HEU7R;Q803ZI93;Porsche;Cayenne;137533
660;XUJ64SDYW9;M627BB11;Maserati;Quattroporte;86956
661;QRC0RUQS7X;U372FJ31;GMC;Terrain;915833
662;H7U1YLHPRM;S523HO13;Rolls-Royce;Silver Shadow;523673
663;NE83H38R7O;W468WY55;Toyota;Land Cruiser;251902
664;TAB0XCS7P3;J496BK30;Audi;TT;904244
665;NGUEHSP1RM;R549NO68;Hyundai;Kona;526809
666;DNINE84G9W;M765BS42;Ford;F-150;892545
667;RG03RJAN6C;R452SH32;McLaren;570S;23964
668;FE5WRWLPHB;I757TO57;Ferrari;488;973977
669;U1ZPTUIV2V;X386HC40;Renault;Koleos;102613
670;IVNUSYHHJO;S746MN89;BMW;5 Series;244744
671;JBU306UF68;M916ZD27;Lamborghini;Aventador;673548
672;8CVYNW0PPQ;C274IP42;Mazda;CX-30;418876
673;RK0VP9QIO7;H530WH52;Volkswagen;Passat;256992
674;UI4QJPFR5N;Z641IG60;Mitsubishi;Mirage;252443
675;IKP3O6ZL2A;J903YQ64;Tesla;Cybertruck;544317
676;ZDBQ1WTT1O;M625AX65;Mazda;CX-30;862811
677;SC7KB6NRM5;A396NU10;Aston Martin;DB11;425458
678;CO9FPDGEZG;Y291TN37;Jeep;Wrangler;648233
679;73HU8T88K9;D414BK16;Tesla;Model S;776405
680;8ULL9BDEO3;F992RR90;McLaren;570S;676182
681;92UNZRXADD;Y245XK59;Mazda;MX-5 Miata;112888
682;ZY5REMNRES;M786GI35;Skoda;Kamiq;71054
683;DVFOLYQGZ9;F971CI59;Lexus;LS;901342
684;OB2ID6I9IM;G315ZX44;Aston Martin;Vanquish;632690
685;1V6JA2W14H;E173YJ86;Nissan;Murano;280215
686;UPNZGMRH4M;N769SA86;Kia;Sportage;651386
687;9J24UXNOW3;Z930GF32;Bentley;Bentayga;700173
688;N15OR2S1Z2;L479ID70;Honda;Civic;300982
689;G1I4J1PH6V;H871QO83;Fiat;500X;238234
690;J4SZ04V8Q9;K177ZV55;Audi;TT;184178
691;W3MH5A9UM3;S824TY11;Ferrari;F8 Tributo;574564
692;GIMIXCDTGC;D219WR47;Lincoln;MKC;538751
693;21D4HWR1WZ;R678QT24;Chrysler;Sebring;102344
694;WCXFCUGHM8;L867BY65;Porsche;Cayman;139598
695;Z7CBGA9K5Z;T647IQ51;Bugatti;Veyron;266263
696;6LB4YHM46A;U716GR62;Mazda;RX-8;306303
697;0Y0V1D7YMG;R283XG16;Mitsubishi;Eclipse Cross;204411
698;FQABV8PB42;H425YH72;Mercedes-Benz;GLE;100649
699;FC7V0OERVN;D166XH32;Lincoln;Nautilus;412136
700;ZQ087M0UF6;K784RK19;Rolls-Royce;Dawn;107305
701;FGMA74ISA7;R916UG61;McLaren;600LT;499996
702;CCVEW1VTYO;J183HL80;Volvo;XC90;73069
703;C1ELOIYT3G;N460GW67;Ferrari;Roma;93230
704;T40GQNJ7G7;W206KU42;BMW;X6;671064
705;Y9FCEQA4WS;K528KD59;Aston Martin;Rapide;691679
706;5LPJF5LP48;V407MU65;Mercedes-Benz;EQC;910116
707;PMFQ7G3LXD;M755TL84;Mazda;Mazda6;839464
708;Q4QWNNQYSH;K200OM39;McLaren;P1;180039
709;WAAU7U81YV;H630RT56;Peugeot;508;813645
710;A272NNV1BQ;A456JH70;Nissan;Leaf;794367
711;TML7N78243;M282IH78;Lincoln;Continental;836209
712;5RMAX2M4XE;G846AH78;Volkswagen;T-Roc;792896
713;OHEZVYNVI2;D431DI12;Jeep;Compass;214801
714;BFWT2IGMOI;J222EF60;Cadillac;CT4;143144
715;5KYKZWBDEC;U497UR23;Lincoln;Corsair;224838
716;UPWXBAC25G;W875RM30;Renault;Zoe;260539
717;GPV8DFHCI2;Q201NX60;Mazda;CX-9;127927
718;L8FBY71NGL;M775TE27;Skoda;Scala;138057
719;S41PXS8AK5;X216HZ12;Chrysler;Voyager;504171
720;TOG927U295;R762YR33;Nissan;Murano;622251
721;9NOUI97OXM;T712LS70;Chrysler;Sebring;726925
722;REZS57ELFP;H963FJ57;Mitsubishi;i-MiEV;733238
723;N9KU3UBJNQ;D168UY10;Hyundai;Sonata;446534
724;L6OHA9CU9J;J483SR22;Bentley;Arnage;146160
725;UCFMOVXN23;F574AE76;Peugeot;308;169771
726;ZUDVBOH6XK;B172VA44;Bugatti;EB110;502851
727;E6U2MX6IQN;W639AS89;McLaren;720S;452022
728;LMT2BGSDLF;P960JA95;GMC;Acadia;507002
729;CJF5UD6E3H;P693PP63;Cadillac;XT5;364582
730;0L4UQ9N19C;N421QO68;Peugeot;3008;842327
731;DDXBV5VHK8;W308OZ36;GMC;Terrain;116224
732;V4VVGNAOG7;X348YT74;Jeep;Commander;363876
733;2X6LKC8YRD;D736QX38;Lexus;LC;970562
734;4BPDBAU993;J826VN22;Volkswagen;ID.4;116438
735;W5ANC1V1M4;Y831DV44;GMC;Yukon;211771
736;4GXY2H1IXZ;Z276ST67;Rolls-Royce;Dawn;24043
737;JVWP5GL4J3;P867BJ74;BMW;X3;69836
738;WA7PLWKMVD;H674FG93;Mercedes-Benz;GLC;957865
739;3NISG5QRAG;K659JM15;Mitsubishi;Lancer;322187
740;QUFFN8VG54;M583XT70;Chevrolet;Cruze;236676
741;X9TJUWMDX3;O796CZ10;Tesla;Model X;581769
742;Z9KKQKA8SM;W564BV71;Honda;CR-V;732330
743;LFD9BDF2Q1;Q348WZ15;Subaru;Legacy;364891
744;9ZS973GXQO;C332MI16;GMC;Canyon;700703
745;YMXY6IGZRO;F642OJ88;Audi;e-tron;990048
746;N4I7AMTSF0;S198FH90;Lamborghini;Huracan;989570
747;ZKRS20JVEX;H310OT95;Lincoln;Navigator;175784
748;4A9LKB5AYR;H813DV63;Aston Martin;Rapide;952790
749;28I1XER5T1;F520AJ31;Honda;Pilot;262923
750;M0FM6KGA71;N352FO91;Rolls-Royce;Dawn;788106
751;RU8R44SFGS;Z902AK86;Cadillac;ATS;936636
752;X8USSRM34B;A960IM88;Kia;Soul;864335
753;PYRGSA0WIS;C425MH61;Maserati;Levante;977775
754;JY5K5UBTSA;B439UP70;Maserati;MC20;212033
755;CRPWOF99L2;N301UK26;Honda;Accord;998366
756;7PYQMZ59N5;N451LD35;Lamborghini;Diablo;407882
757;DF1GO2W920;V369XJ66;Ferrari;488;454560
758;UWF2W4A01G;V316ZT96;Lincoln;MKC;502442
759;6SBLTVAX2D;I946TT55;Lincoln;MKC;648606
760;AY1JIW5R54;M765DA21;Rolls-Royce;Cullinan;279588
761;GEQ9F4XZ4Z;H925OG77;Mitsubishi;Pajero;391155
762;I60WI32I5Q;W880MI46;GMC;Jimmy;917244
763;DL57QMHCRR;M219NV52;Bugatti;Centodieci;185086
764;KQMFN5BDL5;W298ZG80;Volvo;XC70;994671
765;LTM7QH3WOU;G381ZG18;McLaren;720S;753869
766;ECDDIIBQ8Y;B498QN16;Ferrari;812 Superfast;378188
767;RP73JAAQ4G;L386KT60;Fiat;Panda;182183
768;88D4PP5SOK;O411YC55;Lincoln;Nautilus;372148
769;CNYYAIQ4YF;Z225PN69;Chevrolet;Suburban;887203
770;D0COE42YTS;C452NN30;Mazda;RX-8;671282
771;4YLWEBY0PX;H265UW32;Kia;Forte;715903
772;LHGAM8Q2W9;W423SS79;Lincoln;MKZ;636397
773;BIP6XEG1CH;H368SN70;Cadillac;CT4;765318
774;KQXONT4JQB;B190PD24;Mercedes-Benz;E-Class;425128
775;WU6JAH3HJV;R997DC36;Tesla;Model 3;647789
776;PH2WS2C8C7;A679TG71;Lamborghini;Countach;97518
777;FKUTW50R2Q;E729ZC27;Aston Martin;Rapide;231512
778;56QYKOFOBS;C878EE74;Ferrari;F8 Tributo;535246
779;M9MVZF8VJC;U911DO89;GMC;Savana;454094
780;ECK1LZXO5B;U486DM76;Bentley;Flying Spur;680208
781;7LJQSDPYK1;P345PE56;Volvo;XC70;130347
782;56VUWGO9YE;G550NR37;Rolls-Royce;Dawn;387978
783;63D3VM56U1;F285YH55;Dodge;Grand Caravan;726696
784;2GZHZ5CTM7;L672UK81;Volkswagen;Arteon;336162
785;PTHQQSYGY2;Z134ZH50;BMW;X1;390533
786;3143SI1IDS;N654RW96;Bentley;Brooklands;714867
787;H01PYLXY4Z;I231JC30;Mitsubishi;Mirage;95971
788;P3F4EZW7JU;L827AK33;Chevrolet;Camaro;698327
789;4FY7X68MLP;A394UP13;Maserati;Quattroporte;268566
790;ZFYZPBPMT0;J113HV59;Maserati;Ghibli;653059
791;8VR1R4FU0P;M386WC28;GMC;Yukon;344955
792;QVZZPKR93X;L444TT36;Nissan;Armada;696833
793;DDI6OFSI8C;C670QW83;Mercedes-Benz;GLE;838769
794;SGV8GCYGR7;U329KS92;BMW;X5;943341
795;0VBKVRCL7A;D899OX33;Hyundai;Kona;94739
796;TEQE68B2TW;R426CP32;McLaren;Senna;118214
797;97VY14NJXL;F999SS76;Volkswagen;Arteon;32908
798;T9SK61K6VZ;M139VX52;Bentley;Continental GT;34738
799;3H2SI7I686;W819EB94;Lamborghini;Gallardo;402898
800;3DARNFQYLO;B952YX50;Lexus;IS;920256
801;9YCNABV17H;R944GS31;Mercedes-Benz;GLS;293503
802;2GN9GPH9XV;P913BO86;GMC;Savana;111154
803;QTJ04M8GRK;J376DD58;BMW;5 Series;563955
804;O1MBFKQQQY;Z368YX14;Ferrari;488;139390
805;DCPLJVPUVB;I763IL42;Bugatti;Veyron;863075
806;ID0SYLAVH2;S999VG50;Dodge;Grand Caravan;430545
807;1RTL235O65;M728XO66;Rolls-Royce;Corniche;953868
808;8PIU93GBQK;Z259XW12;Mercedes-Benz;GLE;534935
809;6C4PH9A60W;V417IU73;Renault;Twizy;173625
810;WNWPFYWZ56;U378LI67;Toyota;Sienna;113358
811;TK84ZPAYLF;H254PF26;Hyundai;Accent;572539
812;ZA2YJROIWW;U209EX69;Ferrari;Portofino;687782
813;S59RLPY45A;R227FW91;Nissan;Leaf;805679
814;P2MBTH4V0G;S269QX81;BMW;X1;781978
815;DF1LCHWBUA;Y524JL16;Skoda;Yeti;941378
816;VLTE5T2MJK;R304GN75;Jeep;Gladiator;478374
817;C9XFXOQVH3;Y483PN25;Lincoln;MKC;677996
818;SY733Y7SL7;E693YI13;Mazda;Mazda2;157828
819;QKV1NCMFU7;F419DT28;Ferrari;SF90 Stradale;334070
820;1972S5DRE1;Y775XK34;Audi;A3;760847
821;74IM58ZTXI;T368SH46;Mercedes-Benz;E-Class;561199
822;RXT20AD9ND;C477NJ28;Chevrolet;Traverse;898875
823;JZ7EGP3SG5;C182KI66;Volvo;V90;917258
824;M5QMTKZQHR;F653IV95;Rolls-Royce;Wraith;611166
825;0755XQZ1YN;R499DV66;Skoda;Superb;347884
826;VMTZVQJKJK;O909WG40;Jeep;Patriot;906824
827;FLFEQ9JLYJ;L656ZL17;Bentley;Continental GT;526679
828;VSCKH66NCB;Q802ZR94;Renault;Captur;49210
829;A0TFP22FZD;N519FT33;Lincoln;MKC;255903
830;SDDOR4K0J6;U467ER99;Ford;Edge;178958
831;XHKH7ECF10;L399IY96;Fiat;Tipo;224717
832;WNKOH57B19;I908BX34;Lamborghini;Murcielago;220598
833;592UOIWFYW;E181WR88;Porsche;Carrera GT;215655
834;XJTZ1F3KYU;E873IG85;Renault;Zoe;166640
835;6QK3ZDABMF;F822XS10;Mazda;CX-3;721910
836;PR3Z52B3DL;I263IV91;Tesla;Roadster;228072
837;CEBJ1YHVV2;U534QU81;Chevrolet;Cruze;461523
838;XC4G9NXANN;D534YM11;Skoda;Kodiaq;59150
839;OCJ939M23U;X999MD65;Fiat;500X;93379
840;S4K2TF1QOS;L515PN21;Ford;Expedition;88994
841;K9KAWOA9XI;F673DN37;BMW;X7;253908
842;N1SD53RFRY;F151GI59;Kia;Telluride;640292
843;0E44G315IN;O651QH19;Maserati;GranTurismo;111783
844;B1L2DA3JO4;M585ZJ44;Skoda;Scala;615331
845;DDMZIYSXEY;I719EX52;Volvo;S60;318380
846;SWPD6E46GQ;Z741TB70;Lamborghini;Sian;287920
847;2YX0CY6V1B;S346WJ33;Mercedes-Benz;GLB;364349
848;LIW9Z9CRLI;M966AE51;Skoda;Superb;271344
849;55H0U3W0AF;P619VQ84;Skoda;Karoq;939456
850;L17DK63KHA;H183VH42;Mitsubishi;i-MiEV;630578
851;7KEERGXMWJ;E282LA35;GMC;Jimmy;141022
852;SEEXSZOH3L;C459ZQ17;Rolls-Royce;Corniche;7881
853;ZPESWC2WAI;D160IS57;Hyundai;Tucson;207682
854;3TTRJ84IF6;L797AI21;Ferrari;Roma;604436
855;G60I1B8W0Z;Z272GN91;McLaren;600LT;213879
856;NRMGG5BSNH;X357DJ28;Chevrolet;Blazer;504616
857;I50JREWW3V;H112XV21;Lamborghini;Diablo;304570
858;UF32QTWRZD;X467WJ82;Chrysler;PT Cruiser;57096
859;2VYJBH06WM;U767ZI15;Ferrari;812 Superfast;190905
860;EF3O79852R;R373IM72;Mazda;Mazda6;601647
861;Z2ZI72NPVA;H909WX24;Rolls-Royce;Phantom;40441
862;MKWR6YG4VN;S355ZJ40;Chrysler;PT Cruiser;299034
863;T2MZZHNL7V;H908JF63;Bentley;Bentayga;698857
864;NG4GNRICRU;P897AG98;Mercedes-Benz;A-Class;872113
865;F5NOLDSH41;Y887BP53;Ferrari;488;508
866;07ZFP2EP33;T285BM45;Aston Martin;DBX;49107
867;EH5P946UVK;B857GB27;Mercedes-Benz;GLE;699011
868;HW2BFFCOIU;D714FK38;Audi;e-tron;714727
869;BBXMNIVZA7;V416EE41;Hyundai;Sonata;461369
870;GZJUVCY2W9;X197SS85;Volkswagen;Arteon;962807
871;C77WXHUC8P;J319CA27;Bugatti;Type 57;490716
872;BBD23O0K7E;M542SV79;Ford;Focus;207093
873;THS42SS67F;R906ZI24;Maserati;GranTurismo;106510
874;8Q9Z4W5STS;G304YX90;Rolls-Royce;Ghost;351127
875;GHL06CCMV6;O985FW98;Toyota;4Runner;979195
876;ZWJOUNNXT5;U107YX19;Maserati;3200 GT;687247
877;LHVX3ZKOO3;A834WP31;Honda;Odyssey;335869
878;TLOUGQHFPV;R151OT82;GMC;Jimmy;801893
879;YZ5UDNCTQO;C110MV92;Porsche;Boxster;506139
880;082PHL6TG9;P802YU21;Cadillac;XT6;741285
881;NTR775DMQI;I606NZ94;Mazda;Mazda6;844388
882;AVXFHZEOM6;L177HS33;Porsche;Cayenne;434365
883;E506WR283W;W994LI25;Mercedes-Benz;GLB;503221
884;SRJ0J690VM;V507MO97;Dodge;Durango;858822
885;898BZ4AM2N;G532KZ30;Hyundai;Palisade;84978
886;Y229VM5GHN;U794CY26;Lexus;RX;603811
887;NS4H9PMAWM;I818IG12;Lincoln;Navigator;504497
888;BEDNM0FDUF;Y456AL61;Honda;Pilot;143896
889;TK12BZ80PT;G566KS17;Ferrari;LaFerrari;11130
890;4U7MW3RZ91;B864AC86;Dodge;Ram 1500;165504
891;7YKLOPP7XW;V242GI84;Cadillac;CT4;57331
892;6LSJOTA03S;W287MZ53;Hyundai;Kona;517446
893;7QBY3QKR5Y;X908ZF59;Chevrolet;Camaro;947529
894;PR5V2Z28J9;I780IM11;Nissan;Leaf;396690
895;P6GLP6VFUB;O545XW24;Lincoln;Corsair;241288
896;6KJGWEHNX7;B764CQ95;Hyundai;Elantra;11875
897;P5NM59UCAG;A252RN37;Ford;Explorer;435830
898;IXPVK1AOJQ;Q852HA40;Tesla;Cybertruck;264861
899;5ROWMUNNLP;Q930VQ68;Bentley;Brooklands;214055
900;LOHKFKQSGT;J611YV44;Fiat;Tipo;810055
901;XDRZZ59KAJ;V495JZ86;Dodge;Grand Caravan;101271
902;GIKRDL8NJF;C414XD73;Bentley;Bentayga;222957
903;888JFV0F0M;M509OD79;Renault;Clio;211636
904;AEJE89WKOP;F300PS32;Cadillac;XT6;75913
905;NLKTBD09A5;F264PV30;Toyota;RAV4;956356
906;ZUD5Z641NY;R979NV42;Renault;Clio;897607
907;79AQTAFA0W;J595XR78;Renault;Zoe;759473
908;FSA5N4CNBC;V430ZA12;Ford;F-150;781332
909;BPJMH1V4EN;Y746LU71;Nissan;Versa;271463
910;UHY5SFAYRY;Q922VP30;Volkswagen;Tiguan;510237
911;D3TIMI654Z;I288SH99;McLaren;F1;168091
912;J5NCU3NQ3O;C680LN42;Skoda;Rapid;519190
913;BVPG4JNV5D;G422RY95;Fiat;500L;347497
914;GS4NIZMSQD;G984XI89;Lamborghini;Urus;453122
915;OYL40DOE3D;V646PI70;Lexus;LS;872609
916;IU0JFMKOKJ;W249RX65;Volvo;S60;115701
917;R453YVB7VZ;S302KI12;Maserati;GranTurismo;599911
918;3FD39LO7Q3;A282MZ13;Rolls-Royce;Dawn;396180
919;9Q3ZHQKITK;H277XF66;Cadillac;CT6;29884
920;XJDSXZQA1O;Z606NQ74;Honda;Passport;826409
921;R02G4MPXPQ;C765AU32;Mitsubishi;Galant;367325
922;70MDHNA5HG;J622HV29;Dodge;Journey;350499
923;Z87Y1U7FQK;V383OL73;Aston Martin;DBX;537634
924;SAWT3K1UNU;S309CU70;Nissan;Versa;864181
925;8FAUEOC8BT;Y182IB55;Cadillac;XT6;705397
926;2Z0K072CUR;G810DC32;Toyota;Highlander;624913
927;MZW1V7IA30;R415FE39;Ferrari;812 Superfast;987455
928;540IC1YO00;E718TW88;Maserati;GranCabrio;91445
929;0YWGS8K963;A269EW35;Chevrolet;Tahoe;895107
930;KEYNE7ZH0Z;D938HY17;GMC;Terrain;504860
931;5SQL4ZO9VR;C792GH66;Bentley;Flying Spur;115530
932;2FOWUJFPXB;Y216YX88;GMC;Yukon;466897
933;XCADHFGIL9;K383TC80;Lexus;GX;613676
934;ZFJ5B1YXTK;J287ST55;BMW;X3;934106
935;1GZ9IWWGG9;O296EA91;Ford;Focus;184797
936;QEMS5GEALM;W660LJ85;Jeep;Liberty;694594
937;H79UXLD7ZN;D258CO20;Mitsubishi;Lancer;209199
938;53FDLUEFHL;E588FC55;Toyota;Tundra;197457
939;99MM94Y3T4;N825MP62;Kia;Carnival;810206
940;5HFZ2N1IVU;E805JF90;Subaru;Crosstrek;168155
941;7T3MCZ8ECJ;V770HP84;Maserati;3200 GT;456118
942;4XDX6VFYSE;W806OS46;McLaren;Artura;194910
943;EZRZ3A6ZL8;P759EF11;Bentley;Mulsanne;812209
944;XHVZZOG9LO;L557OZ49;Kia;Optima;99139
945;XTDUGL1B9Y;R804TT14;Lamborghini;Murcielago;798393
946;0TK43HGJBW;Q133OM79;Mercedes-Benz;EQC;156616
947;ZQP3X0Y8IN;G581WU20;Lexus;RC;510582
948;I1MCKTNWC6;I560GC76;Lexus;GX;993625
949;03ZDX2OMHD;J261SN41;Porsche;Macan;566181
950;TH1W9QL5TF;K120OP73;McLaren;600LT;700913
951;58Y88BLFYS;U798TJ96;BMW;7 Series;531750
952;AXHCKDLYAM;P629AZ48;Maserati;Ghibli;28464
953;IYEQWHZ2C1;B680DY30;Peugeot;508;119024
954;X0NI95TBTZ;O796HE31;Mitsubishi;ASX;270130
955;W1KH96X93V;D693UC66;Renault;Clio;867919
956;QELYRO8DK2;B737VA59;Mercedes-Benz;GLC;401162
957;QW3UAKHBUJ;D856KT54;Mitsubishi;Outlander;298041
958;ED8JHZUAH5;O298CW89;Audi;TT;755201
959;6V583ZTTOY;Q286WK70;Nissan;Frontier;623804
960;9J6V300AJX;B814AV22;Jeep;Commander;339120
961;CPJF0WPNPQ;S123MP81;Honda;CR-V;83135
962;ZE3OE2JNBB;T906PD27;Mercedes-Benz;E-Class;522750
963;DXEOEWRRLS;M742DL38;Dodge;Charger;22766
964;L7VQ01ZHGC;O339AY48;Lexus;LX;73689
965;SBK1MHX29G;T345SH57;Mazda;MX-5 Miata;357406
966;EBC2Y1KBJ1;S546SO80;Audi;A5;127929
967;UM8T1QDG42;L576LB99;Skoda;Fabia;699193
968;795H4NM72I;A147CC73;Chevrolet;Camaro;783410
969;BAFZ1QCG1Z;J344LG62;Nissan;Sentra;478841
970;D8QV7DMYH9;O498LK19;Ford;Mustang;230648
971;K95ITSO4ME;K950ID84;Toyota;Tacoma;20563
972;M52LC13SAR;J222CH30;Renault;Twizy;743426
973;KJ1ZQS048U;X981HB70;Rolls-Royce;Phantom;167069
974;47CH6SQ96E;B911CT67;Bentley;Continental GT;480508
975;KZ1YMUMR3V;Z974PB64;GMC;Sierra;535501
976;7N9D4QMQ4Y;X138QV86;Jeep;Wrangler;522427
977;TJ3Z6KXHL6;L217PG35;Lincoln;Corsair;589458
978;3FK8K6CT2Y;K896BL49;Ferrari;F8 Tributo;442171
979;RKD1ULDQTY;G607HP83;Porsche;918 Spyder;283725
980;ITSTP7888V;O171UU17;Aston Martin;Vanquish;106518
981;U2FRU0F1MY;D467EM51;McLaren;Artura;346412
982;U76MGS04HV;N198LM18;Toyota;Camry;365623
983;JQ3EIVNQYW;Z814KW72;Nissan;Frontier;849379
984;N40HA9X1YJ;U105FY58;Dodge;Avenger;901549
985;MSGD4KLW37;D405CF16;Nissan;Titan;86406
986;K0PIYTE1DJ;F782MB86;Audi;Q7;401279
987;3D0L4S3OWM;V646YB21;Toyota;Corolla;399572
988;E2N34U8VFF;T755AE69;Maserati;Quattroporte;801833
989;N9NYTCKG1D;S248UB83;GMC;Canyon;488763
990;32PCNOC79L;R748FK84;Porsche;Carrera GT;953891
991;FVQ0BU4JAH;G407JW70;Audi;Q7;159576
992;BA5K6PFV3R;N957YF97;BMW;i4;29575
993;OZ8FICONJB;Z650OC14;Honda;HR-V;822188
994;ABAUMI57K6;C319YE25;Chevrolet;Traverse;602824
995;VNO15TL9L0;L221AV13;Toyota;Camry;947156
996;QHOYCHA43J;A910RH31;Aston Martin;Rapide;723218
997;MNHGN8O1Q5;J336FP92;Hyundai;Ioniq;177181
998;AY5E2KV4X0;L884GU74;Lincoln;Corsair;614638
999;OIUWM32Y1U;P485ZV35;Rolls-Royce;Cullinan;968354
1000;TPB44TX3TV;Y999LT21;Chevrolet;Cruze;752158
