1;James;Anderson;2003-01-31;Table Mountain Rd, Cape Town, South Africa 8001
2;Larry;Campbell;1971-05-25;654 Maple Drive, Phoenix, AZ 85001
3;Brandon;Lewis;1965-02-09;Red Square 1, Moscow, Russia 109012
4;Betty;Harris;1990-09-28;Piazza San Marco 1, Venice, Italy 30124
5;William;Mitchell;2000-07-08;555 Mountain Street, Washington, DC 20001
6;Debra;Williams;2000-05-06;654 Maple Drive, Phoenix, AZ 85001
7;Anna;Johnson;2007-10-06;Sagrada Família 401, Barcelona, Spain 08013
8;Dorothy;King;1987-12-26;864 Palm Drive, San Jose, CA 95101
9;Benjamin;Gonzalez;1981-04-06;864 Palm Drive, San Jose, CA 95101
10;John;Martin;1981-06-07;864 Palm Drive, San Jose, CA 95101
11;Timothy;Lee;1970-04-02;246 Spruce Road, Dallas, TX 75201
12;Maria;Flores;1980-06-02;666 Ocean Avenue, Miami, FL 33101
13;Emma;Mitchell;1963-01-27;456 Oak Avenue, Los Angeles, CA 90001
14;Rebecca;Hall;1962-01-15;444 Lake View, Denver, CO 80201
15;Kenneth;Adams;1997-12-16;333 River Road, Seattle, WA 98101
16;Scott;Thompson;1979-10-10;123 Main Street, New York, NY 10001
17;David;Rodriguez;1970-06-18;Red Square 1, Moscow, Russia 109012
18;Brenda;Johnson;1996-03-30;Red Square 1, Moscow, Russia 109012
19;Richard;Flores;1979-04-25;Brandenburger Tor 1, Berlin, Germany 10117
20;Betty;Moore;1998-09-22;333 River Road, Seattle, WA 98101
21;Carolyn;Torres;1983-10-10;456 Oak Avenue, Los Angeles, CA 90001
22;Ryan;Carter;2005-04-02;444 Lake View, Denver, CO 80201
23;Ashley;Jones;1962-05-12;321 Elm Boulevard, Houston, TX 77001
24;Edward;Green;1979-09-29;333 River Road, Seattle, WA 98101
25;Mark;Smith;1999-09-15;321 Elm Boulevard, Houston, TX 77001
26;George;Johnson;1969-06-10;246 Spruce Road, Dallas, TX 75201
27;Stephen;Lewis;2004-02-25;Red Square 1, Moscow, Russia 109012
28;Sandra;Hernandez;1975-05-07;Marina Bay Sands 10, Singapore 018956
29;Raymond;King;1975-11-18;Forbidden City 4, Beijing, China 100006
30;Joseph;Moore;2005-10-24;222 Park Avenue, Boston, MA 02101
31;Brian;Hernandez;1976-10-24;555 Mountain Street, Washington, DC 20001
32;Steven;King;1975-03-18;Table Mountain Rd, Cape Town, South Africa 8001
33;Ruth;Walker;1970-05-18;Sydney Opera House, Sydney, Australia 2000
34;Betty;Hall;1967-07-06;456 Oak Avenue, Los Angeles, CA 90001
35;Amy;Lopez;1990-09-04;333 River Road, Seattle, WA 98101
36;Linda;King;1980-09-28;555 Mountain Street, Washington, DC 20001
37;Brandon;Campbell;1981-05-06;654 Maple Drive, Phoenix, AZ 85001
38;David;Perez;1963-06-22;789 Pine Road, Chicago, IL 60601
39;Brenda;Johnson;1993-04-18;Brandenburger Tor 1, Berlin, Germany 10117
40;Matthew;Sanchez;1998-02-19;Champs-Élysées 75, Paris, France 75008
41;Ruth;Miller;1977-01-01;987 Cedar Lane, Philadelphia, PA 19101
42;Melissa;Lopez;1964-03-21;555 Mountain Street, Washington, DC 20001
43;Mary;Harris;1972-08-11;333 River Road, Seattle, WA 98101
44;Brian;Williams;1990-10-27;456 Oak Avenue, Los Angeles, CA 90001
45;Anna;Thomas;1974-10-04;Marina Bay Sands 10, Singapore 018956
46;Christine;Baker;1979-09-26;444 Lake View, Denver, CO 80201
47;Gregory;Wright;1968-04-11;789 Pine Road, Chicago, IL 60601
48;Catherine;Lewis;1989-07-17;159 Birch Street, San Antonio, TX 78201
49;Christine;Campbell;1995-02-01;159 Birch Street, San Antonio, TX 78201
50;Rebecca;Miller;1979-01-28;CN Tower 301, Toronto, Canada M5V 2T6
51;Nicholas;Torres;1987-06-19;Marina Bay Sands 10, Singapore 018956
52;Sarah;Garcia;1970-07-20;Red Square 1, Moscow, Russia 109012
53;Helen;Allen;1984-07-16;Marina Bay Sands 10, Singapore 018956
54;Richard;Sanchez;2004-02-26;789 Pine Road, Chicago, IL 60601
55;Emily;Lopez;2001-08-05;Marina Bay Sands 10, Singapore 018956
56;Paul;Hernandez;1976-12-19;456 Oak Avenue, Los Angeles, CA 90001
57;Samantha;Perez;1998-03-26;333 River Road, Seattle, WA 98101
58;Jonathan;Walker;1993-10-07;Table Mountain Rd, Cape Town, South Africa 8001
59;Margaret;Sanchez;1985-07-12;333 River Road, Seattle, WA 98101
60;Jessica;Nguyen;1999-05-30;246 Spruce Road, Dallas, TX 75201
61;Steven;Hill;1972-11-17;123 Main Street, New York, NY 10001
62;Carol;Adams;1983-11-16;Marina Bay Sands 10, Singapore 018956
63;Nicholas;Roberts;2001-03-08;Sydney Opera House, Sydney, Australia 2000
64;Christopher;Taylor;1965-05-30;864 Palm Drive, San Jose, CA 95101
65;Elizabeth;White;1968-10-09;666 Ocean Avenue, Miami, FL 33101
66;Elizabeth;Anderson;2003-12-17;Taj Mahal, Agra, India 282001
67;Jeffrey;Baker;1999-11-20;987 Cedar Lane, Philadelphia, PA 19101
68;Stephen;Hill;1999-10-30;987 Cedar Lane, Philadelphia, PA 19101
69;George;King;1993-10-08;Champs-Élysées 75, Paris, France 75008
70;Melissa;Smith;1969-04-20;444 Lake View, Denver, CO 80201
71;Margaret;Nguyen;1986-02-04;Shibuya Crossing 2, Tokyo, Japan 150-0043
72;Nicholas;Wilson;1968-05-01;Table Mountain Rd, Cape Town, South Africa 8001
73;Carolyn;Lopez;1975-08-27;456 Oak Avenue, Los Angeles, CA 90001
74;Brenda;Hill;1994-09-21;Champs-Élysées 75, Paris, France 75008
75;Michael;Lopez;1988-12-24;987 Cedar Lane, Philadelphia, PA 19101
76;Kimberly;Adams;2004-03-02;123 Main Street, New York, NY 10001
77;Catherine;Roberts;1968-02-05;321 Elm Boulevard, Houston, TX 77001
78;Frank;Clark;1972-09-16;Table Mountain Rd, Cape Town, South Africa 8001
79;Patricia;Harris;1971-11-03;Gyeongbokgung Palace 161, Seoul, South Korea 03045
80;Michelle;Martinez;1971-07-29;Burj Khalifa 1, Dubai, UAE
81;Pamela;Campbell;1976-02-16;CN Tower 301, Toronto, Canada M5V 2T6
82;Brian;Hill;1975-04-25;Piazza San Marco 1, Venice, Italy 30124
83;Daniel;Jackson;2006-08-05;321 Elm Boulevard, Houston, TX 77001
84;Nicholas;Green;1985-01-25;Marina Bay Sands 10, Singapore 018956
85;Paul;Mitchell;1969-01-03;Taj Mahal, Agra, India 282001
86;Emma;Jackson;1985-03-26;753 Willow Avenue, San Diego, CA 92101
87;Katherine;Hernandez;1982-04-08;Sagrada Família 401, Barcelona, Spain 08013
88;Laura;Adams;1991-11-06;Sydney Opera House, Sydney, Australia 2000
89;Donna;Carter;2004-05-02;864 Palm Drive, San Jose, CA 95101
90;Debra;Hall;1997-02-15;Shibuya Crossing 2, Tokyo, Japan 150-0043
91;Gregory;Nelson;1992-06-25;456 Oak Avenue, Los Angeles, CA 90001
92;Christine;Robinson;1968-07-05;654 Maple Drive, Phoenix, AZ 85001
93;Jonathan;Campbell;1965-04-01;Copacabana Beach 100, Rio de Janeiro, Brazil 22070-011
94;Anna;King;1976-05-26;123 Main Street, New York, NY 10001
95;Carolyn;Moore;1972-06-16;123 Main Street, New York, NY 10001
96;Richard;Nguyen;1979-11-21;Piazza San Marco 1, Venice, Italy 30124
97;Lisa;Perez;1978-05-17;987 Cedar Lane, Philadelphia, PA 19101
98;Amanda;Brown;1978-04-03;Table Mountain Rd, Cape Town, South Africa 8001
99;Brandon;Rodriguez;2001-11-13;987 Cedar Lane, Philadelphia, PA 19101
100;Melissa;Mitchell;1972-08-24;987 Cedar Lane, Philadelphia, PA 19101
101;James;Sanchez;2003-02-03;159 Birch Street, San Antonio, TX 78201
102;Dennis;White;1968-11-23;246 Spruce Road, Dallas, TX 75201
103;Amy;Robinson;2003-06-13;456 Oak Avenue, Los Angeles, CA 90001
104;Christine;Jones;1979-05-10;Burj Khalifa 1, Dubai, UAE
105;Susan;Brown;2004-09-17;Sydney Opera House, Sydney, Australia 2000
106;Anthony;Walker;1985-10-27;222 Park Avenue, Boston, MA 02101
107;Helen;Thomas;1975-08-14;789 Pine Road, Chicago, IL 60601
108;Sandra;Smith;1999-02-22;864 Palm Drive, San Jose, CA 95101
109;Steven;Thomas;1982-07-17;Sydney Opera House, Sydney, Australia 2000
110;Timothy;Perez;1971-09-08;Sagrada Família 401, Barcelona, Spain 08013
111;Stephanie;Adams;1991-01-19;222 Park Avenue, Boston, MA 02101
112;Edward;Lopez;2002-11-25;789 Pine Road, Chicago, IL 60601
113;Samuel;Garcia;1971-08-24;Taj Mahal, Agra, India 282001
114;Alexander;Johnson;1970-04-08;222 Park Avenue, Boston, MA 02101
115;Frank;Young;1997-03-13;321 Elm Boulevard, Houston, TX 77001
116;Katherine;Jackson;1962-10-03;654 Maple Drive, Phoenix, AZ 85001
117;Carolyn;Brown;1986-10-03;654 Maple Drive, Phoenix, AZ 85001
118;Michelle;Walker;1994-09-30;753 Willow Avenue, San Diego, CA 92101
119;Ryan;Adams;1998-05-18;Copacabana Beach 100, Rio de Janeiro, Brazil 22070-011
120;Sandra;Wilson;1963-03-21;Burj Khalifa 1, Dubai, UAE
121;Amanda;Lopez;1961-03-15;Table Mountain Rd, Cape Town, South Africa 8001
122;Dorothy;Young;1973-03-27;864 Palm Drive, San Jose, CA 95101
123;Matthew;Wright;2002-04-24;654 Maple Drive, Phoenix, AZ 85001
124;Dennis;Baker;1988-02-09;456 Oak Avenue, Los Angeles, CA 90001
125;Margaret;Wilson;1983-12-01;Brandenburger Tor 1, Berlin, Germany 10117
126;Michael;Lee;1975-11-24;159 Birch Street, San Antonio, TX 78201
127;Raymond;Martinez;1991-11-22;Shibuya Crossing 2, Tokyo, Japan 150-0043
128;Jeffrey;Baker;1977-08-11;Piazza San Marco 1, Venice, Italy 30124
129;Laura;Rivera;1997-01-28;Sagrada Família 401, Barcelona, Spain 08013
130;Christine;Baker;2002-09-25;987 Cedar Lane, Philadelphia, PA 19101
131;James;Rodriguez;2004-12-24;Copacabana Beach 100, Rio de Janeiro, Brazil 22070-011
132;Timothy;Campbell;1986-03-17;666 Ocean Avenue, Miami, FL 33101
133;Jack;Young;2004-07-13;987 Cedar Lane, Philadelphia, PA 19101
134;David;Thompson;2001-10-27;Table Mountain Rd, Cape Town, South Africa 8001
135;Carolyn;Green;2001-05-07;Marina Bay Sands 10, Singapore 018956
136;Jonathan;Hernandez;1985-09-02;Taj Mahal, Agra, India 282001
137;Dennis;Rodriguez;1987-07-19;159 Birch Street, San Antonio, TX 78201
138;Elizabeth;Jones;1967-08-07;Champs-Élysées 75, Paris, France 75008
139;Karen;Rodriguez;1965-03-19;864 Palm Drive, San Jose, CA 95101
140;Lisa;Green;1978-11-13;456 Oak Avenue, Los Angeles, CA 90001
141;Jason;Moore;2003-10-25;789 Pine Road, Chicago, IL 60601
142;Stephanie;Jackson;1966-10-10;789 Pine Road, Chicago, IL 60601
143;Jessica;Jones;1991-04-27;Champs-Élysées 75, Paris, France 75008
144;Andrew;Lopez;1992-10-21;Table Mountain Rd, Cape Town, South Africa 8001
145;Robert;Baker;1969-12-02;Gyeongbokgung Palace 161, Seoul, South Korea 03045
146;Gregory;Moore;2004-03-19;Sydney Opera House, Sydney, Australia 2000
147;Jonathan;Anderson;1986-05-20;Marina Bay Sands 10, Singapore 018956
148;Virginia;Miller;1981-03-26;321 Elm Boulevard, Houston, TX 77001
149;Lisa;Mitchell;1996-04-21;Brandenburger Tor 1, Berlin, Germany 10117
150;Ryan;Davis;1982-12-07;Sagrada Família 401, Barcelona, Spain 08013
151;Amy;Carter;1983-12-03;666 Ocean Avenue, Miami, FL 33101
152;Matthew;Torres;1994-11-28;Marina Bay Sands 10, Singapore 018956
153;Linda;Anderson;1995-01-01;864 Palm Drive, San Jose, CA 95101
154;Nicholas;Smith;2007-05-23;246 Spruce Road, Dallas, TX 75201
155;Brian;Rodriguez;1998-07-19;Forbidden City 4, Beijing, China 100006
156;Anna;Torres;2002-04-05;Copacabana Beach 100, Rio de Janeiro, Brazil 22070-011
157;Richard;Smith;1974-11-29;456 Oak Avenue, Los Angeles, CA 90001
158;Gregory;Wilson;1967-03-06;Red Square 1, Moscow, Russia 109012
159;Ashley;Brown;1998-02-14;Gyeongbokgung Palace 161, Seoul, South Korea 03045
160;Samantha;Roberts;1995-08-30;753 Willow Avenue, San Diego, CA 92101
161;Karen;Ramirez;1968-01-03;Sydney Opera House, Sydney, Australia 2000
162;Laura;Martin;1974-11-27;456 Oak Avenue, Los Angeles, CA 90001
163;Margaret;Wright;1969-05-05;456 Oak Avenue, Los Angeles, CA 90001
164;Susan;Baker;1994-10-15;456 Oak Avenue, Los Angeles, CA 90001
165;David;King;1978-11-28;444 Lake View, Denver, CO 80201
166;Jennifer;Wright;2002-10-25;Sagrada Família 401, Barcelona, Spain 08013
167;Dennis;Davis;1988-09-28;Gyeongbokgung Palace 161, Seoul, South Korea 03045
168;Linda;Flores;1980-07-16;456 Oak Avenue, Los Angeles, CA 90001
169;Janet;Thompson;1975-11-06;654 Maple Drive, Phoenix, AZ 85001
170;Catherine;Mitchell;2003-01-01;Sydney Opera House, Sydney, Australia 2000
171;Carolyn;Brown;1987-06-11;Gyeongbokgung Palace 161, Seoul, South Korea 03045
172;Stephen;Carter;1972-02-06;Sagrada Família 401, Barcelona, Spain 08013
173;Larry;Brown;1984-05-14;Forbidden City 4, Beijing, China 100006
174;Katherine;Wilson;1993-08-11;Sagrada Família 401, Barcelona, Spain 08013
175;Gregory;Hernandez;1961-08-13;159 Birch Street, San Antonio, TX 78201
176;Lisa;Adams;1980-06-25;Forbidden City 4, Beijing, China 100006
177;Brenda;Gonzalez;1998-07-30;Brandenburger Tor 1, Berlin, Germany 10117
178;Richard;Davis;1968-07-24;CN Tower 301, Toronto, Canada M5V 2T6
179;Margaret;Adams;1977-09-13;Marina Bay Sands 10, Singapore 018956
180;Robert;Anderson;1994-05-02;Forbidden City 4, Beijing, China 100006
181;Christopher;Baker;1973-02-13;Sydney Opera House, Sydney, Australia 2000
182;Samuel;Torres;1968-02-09;123 Main Street, New York, NY 10001
183;Michael;Scott;1992-04-22;Table Mountain Rd, Cape Town, South Africa 8001
184;Amy;Lee;1998-04-05;Taj Mahal, Agra, India 282001
185;Ruth;Johnson;1971-09-11;Burj Khalifa 1, Dubai, UAE
186;Steven;Lopez;1980-05-10;Brandenburger Tor 1, Berlin, Germany 10117
187;Nancy;Miller;1996-12-01;456 Oak Avenue, Los Angeles, CA 90001
188;Christine;Carter;1995-08-03;864 Palm Drive, San Jose, CA 95101
189;Steven;King;2000-07-08;CN Tower 301, Toronto, Canada M5V 2T6
190;Ryan;Jackson;1991-02-12;Sagrada Família 401, Barcelona, Spain 08013
191;Carolyn;Wilson;1976-07-07;987 Cedar Lane, Philadelphia, PA 19101
192;Richard;Robinson;2007-03-30;Copacabana Beach 100, Rio de Janeiro, Brazil 22070-011
193;Amy;Johnson;1983-04-28;Copacabana Beach 100, Rio de Janeiro, Brazil 22070-011
194;Laura;Ramirez;1998-07-16;Copacabana Beach 100, Rio de Janeiro, Brazil 22070-011
195;Brandon;Lee;1998-05-05;444 Lake View, Denver, CO 80201
196;Ronald;Robinson;1990-08-19;Champs-Élysées 75, Paris, France 75008
197;Frank;Mitchell;1978-06-19;Piazza San Marco 1, Venice, Italy 30124
198;Jeffrey;Baker;1974-06-24;123 Main Street, New York, NY 10001
199;Virginia;Clark;1974-03-19;Copacabana Beach 100, Rio de Janeiro, Brazil 22070-011
200;Justin;Rodriguez;1975-07-09;123 Main Street, New York, NY 10001
201;Richard;Lopez;1965-02-15;666 Ocean Avenue, Miami, FL 33101
202;Gregory;Scott;1964-10-22;Table Mountain Rd, Cape Town, South Africa 8001
203;Jerry;Perez;1990-07-03;753 Willow Avenue, San Diego, CA 92101
204;Rachel;Sanchez;2005-11-07;Champs-Élysées 75, Paris, France 75008
205;Jessica;Hernandez;2002-05-21;666 Ocean Avenue, Miami, FL 33101
206;Stephen;Robinson;1967-06-02;456 Oak Avenue, Los Angeles, CA 90001
207;James;Carter;1986-04-19;864 Palm Drive, San Jose, CA 95101
208;Steven;Brown;2004-04-23;753 Willow Avenue, San Diego, CA 92101
209;Gregory;Mitchell;2005-01-22;666 Ocean Avenue, Miami, FL 33101
210;Gregory;Robinson;1984-04-06;123 Main Street, New York, NY 10001
211;Paul;Garcia;2002-05-30;159 Birch Street, San Antonio, TX 78201
212;Paul;Scott;1998-12-09;654 Maple Drive, Phoenix, AZ 85001
213;Angela;Carter;1971-08-29;Brandenburger Tor 1, Berlin, Germany 10117
214;Virginia;Lopez;1995-06-10;123 Main Street, New York, NY 10001
215;James;Lewis;1962-05-04;Red Square 1, Moscow, Russia 109012
216;Jacob;Campbell;1970-12-23;Piazza San Marco 1, Venice, Italy 30124
217;Alexander;Young;1985-12-31;Copacabana Beach 100, Rio de Janeiro, Brazil 22070-011
218;Pamela;White;2005-04-03;864 Palm Drive, San Jose, CA 95101
219;Christopher;Torres;1980-09-04;Brandenburger Tor 1, Berlin, Germany 10117
220;Katherine;Perez;1980-10-27;Champs-Élysées 75, Paris, France 75008
221;Frank;Walker;1990-02-23;246 Spruce Road, Dallas, TX 75201
222;John;Campbell;1977-09-15;987 Cedar Lane, Philadelphia, PA 19101
223;Janet;Mitchell;2005-03-10;CN Tower 301, Toronto, Canada M5V 2T6
224;Scott;Torres;2004-04-04;321 Elm Boulevard, Houston, TX 77001
225;Richard;Jones;1984-03-12;Copacabana Beach 100, Rio de Janeiro, Brazil 22070-011
226;Donna;Moore;1988-06-11;864 Palm Drive, San Jose, CA 95101
227;Ryan;Martin;1984-02-25;Shibuya Crossing 2, Tokyo, Japan 150-0043
228;Christine;Gonzalez;2004-10-26;654 Maple Drive, Phoenix, AZ 85001
229;Larry;Green;1978-12-17;Shibuya Crossing 2, Tokyo, Japan 150-0043
230;Paul;Rodriguez;2006-05-12;CN Tower 301, Toronto, Canada M5V 2T6
231;Katherine;Campbell;2005-08-26;Red Square 1, Moscow, Russia 109012
232;Pamela;Lopez;1991-01-06;123 Main Street, New York, NY 10001
233;Donald;Taylor;1968-12-04;Brandenburger Tor 1, Berlin, Germany 10117
234;Amy;Ramirez;1981-06-22;654 Maple Drive, Phoenix, AZ 85001
235;Christine;Thomas;2007-01-26;456 Oak Avenue, Los Angeles, CA 90001
236;Michael;Jackson;1970-03-21;Shibuya Crossing 2, Tokyo, Japan 150-0043
237;Carol;Martinez;1962-05-28;Shibuya Crossing 2, Tokyo, Japan 150-0043
238;James;Hill;1973-04-02;Copacabana Beach 100, Rio de Janeiro, Brazil 22070-011
239;Susan;Perez;1972-05-23;333 River Road, Seattle, WA 98101
240;Elizabeth;Martinez;1961-02-10;444 Lake View, Denver, CO 80201
241;Larry;Carter;1970-06-18;333 River Road, Seattle, WA 98101
242;David;Baker;1982-05-10;Taj Mahal, Agra, India 282001
243;Samuel;Campbell;1999-08-01;987 Cedar Lane, Philadelphia, PA 19101
244;Janet;Davis;1991-10-27;666 Ocean Avenue, Miami, FL 33101
245;Steven;Robinson;2003-07-11;Table Mountain Rd, Cape Town, South Africa 8001
246;Anthony;Nelson;1993-02-01;246 Spruce Road, Dallas, TX 75201
247;Kathleen;Flores;1972-10-24;Gyeongbokgung Palace 161, Seoul, South Korea 03045
248;Gary;Mitchell;1999-09-09;159 Birch Street, San Antonio, TX 78201
249;Edward;Young;1986-06-03;333 River Road, Seattle, WA 98101
250;Laura;Nelson;1983-12-26;Piazza San Marco 1, Venice, Italy 30124
251;Samantha;Rivera;2004-01-26;987 Cedar Lane, Philadelphia, PA 19101
252;Christopher;Martin;1974-03-26;Marina Bay Sands 10, Singapore 018956
253;Nicholas;Green;1974-07-12;333 River Road, Seattle, WA 98101
254;Pamela;Carter;1983-07-25;Gyeongbokgung Palace 161, Seoul, South Korea 03045
255;Susan;Smith;1970-12-02;Gyeongbokgung Palace 161, Seoul, South Korea 03045
256;Carol;Robinson;1975-11-04;555 Mountain Street, Washington, DC 20001
257;Samantha;Perez;1971-12-06;Brandenburger Tor 1, Berlin, Germany 10117
258;Sandra;Allen;1999-06-17;246 Spruce Road, Dallas, TX 75201
259;Mary;Campbell;1981-01-08;222 Park Avenue, Boston, MA 02101
260;Linda;Smith;1988-01-15;987 Cedar Lane, Philadelphia, PA 19101
261;Donald;Carter;1993-07-14;864 Palm Drive, San Jose, CA 95101
262;John;Flores;1991-12-05;Burj Khalifa 1, Dubai, UAE
263;Rachel;Gonzalez;1992-06-06;Table Mountain Rd, Cape Town, South Africa 8001
264;Kenneth;Nguyen;1964-10-19;Red Square 1, Moscow, Russia 109012
265;Nicholas;Young;1991-07-16;Burj Khalifa 1, Dubai, UAE
266;George;Torres;2006-12-27;753 Willow Avenue, San Diego, CA 92101
267;Barbara;Miller;1998-09-22;Piazza San Marco 1, Venice, Italy 30124
268;Gary;Davis;1986-07-17;Sagrada Família 401, Barcelona, Spain 08013
269;Sharon;Harris;1980-08-20;666 Ocean Avenue, Miami, FL 33101
270;Jessica;Moore;1999-06-22;333 River Road, Seattle, WA 98101
271;Gregory;Williams;1966-03-23;Shibuya Crossing 2, Tokyo, Japan 150-0043
272;Samuel;Clark;1974-05-04;555 Mountain Street, Washington, DC 20001
273;Rachel;Green;1967-08-19;321 Elm Boulevard, Houston, TX 77001
274;Carolyn;Perez;1976-08-03;Marina Bay Sands 10, Singapore 018956
275;Daniel;Allen;1992-12-31;Brandenburger Tor 1, Berlin, Germany 10117
276;Jennifer;Lopez;1975-11-05;123 Main Street, New York, NY 10001
277;Janet;Green;1974-10-10;Gyeongbokgung Palace 161, Seoul, South Korea 03045
278;Angela;Nguyen;1991-07-18;Copacabana Beach 100, Rio de Janeiro, Brazil 22070-011
279;Virginia;Garcia;2001-11-17;Shibuya Crossing 2, Tokyo, Japan 150-0043
280;Stephen;Wright;1972-05-20;Taj Mahal, Agra, India 282001
281;Michael;Torres;1988-10-31;Table Mountain Rd, Cape Town, South Africa 8001
282;Samuel;Mitchell;1987-12-08;159 Birch Street, San Antonio, TX 78201
283;Emma;Martinez;1979-03-06;Sagrada Família 401, Barcelona, Spain 08013
284;Samantha;Gonzalez;1974-11-23;Copacabana Beach 100, Rio de Janeiro, Brazil 22070-011
285;Nicole;Miller;1968-10-23;Marina Bay Sands 10, Singapore 018956
286;Anthony;Baker;2005-04-22;Table Mountain Rd, Cape Town, South Africa 8001
287;Amanda;Wright;1970-07-17;123 Main Street, New York, NY 10001
288;Raymond;Lopez;1990-03-13;Copacabana Beach 100, Rio de Janeiro, Brazil 22070-011
289;Sandra;Hernandez;1985-06-30;789 Pine Road, Chicago, IL 60601
290;Donald;Mitchell;1981-12-17;Brandenburger Tor 1, Berlin, Germany 10117
291;Joseph;Flores;1963-02-01;987 Cedar Lane, Philadelphia, PA 19101
292;Christine;Anderson;2001-10-11;321 Elm Boulevard, Houston, TX 77001
293;Sarah;Hill;1993-11-29;789 Pine Road, Chicago, IL 60601
294;Andrew;Rodriguez;1975-06-15;222 Park Avenue, Boston, MA 02101
295;Christine;Walker;1997-06-10;Copacabana Beach 100, Rio de Janeiro, Brazil 22070-011
296;Daniel;Flores;1991-05-22;Sydney Opera House, Sydney, Australia 2000
297;Joseph;Lewis;1995-08-11;159 Birch Street, San Antonio, TX 78201
298;Katherine;Taylor;1989-05-04;321 Elm Boulevard, Houston, TX 77001
299;Christopher;Ramirez;2000-02-21;Piazza San Marco 1, Venice, Italy 30124
300;Sandra;Smith;1977-09-30;Forbidden City 4, Beijing, China 100006
301;Jennifer;Young;1983-01-19;Gyeongbokgung Palace 161, Seoul, South Korea 03045
302;Debra;Adams;1983-07-29;Copacabana Beach 100, Rio de Janeiro, Brazil 22070-011
303;Kimberly;Clark;1975-02-06;Sydney Opera House, Sydney, Australia 2000
304;Ronald;Robinson;1996-12-09;555 Mountain Street, Washington, DC 20001
305;Susan;Wilson;2007-08-04;789 Pine Road, Chicago, IL 60601
306;Barbara;Thomas;1998-04-22;Red Square 1, Moscow, Russia 109012
307;Steven;Martin;1972-03-26;246 Spruce Road, Dallas, TX 75201
308;Nicole;Roberts;2003-07-19;864 Palm Drive, San Jose, CA 95101
309;Nicholas;Young;1966-11-19;246 Spruce Road, Dallas, TX 75201
310;Susan;Moore;1972-12-18;222 Park Avenue, Boston, MA 02101
311;Emma;Nelson;1977-12-25;444 Lake View, Denver, CO 80201
312;Carol;Lopez;2003-11-25;Shibuya Crossing 2, Tokyo, Japan 150-0043
313;Debra;Lewis;1969-04-16;Copacabana Beach 100, Rio de Janeiro, Brazil 22070-011
314;Elizabeth;Hill;1997-08-22;Burj Khalifa 1, Dubai, UAE
315;Donna;Adams;2000-08-09;Burj Khalifa 1, Dubai, UAE
316;Margaret;Green;1998-08-16;753 Willow Avenue, San Diego, CA 92101
317;Samuel;Martinez;1975-09-12;555 Mountain Street, Washington, DC 20001
318;Carol;Campbell;1963-10-15;444 Lake View, Denver, CO 80201
319;Charles;Davis;1970-04-06;Sagrada Família 401, Barcelona, Spain 08013
320;Frank;Scott;1991-11-01;Champs-Élysées 75, Paris, France 75008
321;Jessica;Gonzalez;1969-02-28;666 Ocean Avenue, Miami, FL 33101
322;Timothy;Carter;2005-01-24;222 Park Avenue, Boston, MA 02101
323;Donna;Clark;1976-12-08;654 Maple Drive, Phoenix, AZ 85001
324;Barbara;Wilson;1973-09-27;333 River Road, Seattle, WA 98101
325;Betty;Lee;1968-10-19;246 Spruce Road, Dallas, TX 75201
326;Thomas;Martin;1973-03-01;Sagrada Família 401, Barcelona, Spain 08013
327;Thomas;Scott;1997-11-23;753 Willow Avenue, San Diego, CA 92101
328;Andrew;Taylor;1984-03-27;789 Pine Road, Chicago, IL 60601
329;Brandon;Torres;2002-06-16;Copacabana Beach 100, Rio de Janeiro, Brazil 22070-011
330;Brian;Mitchell;1964-09-26;456 Oak Avenue, Los Angeles, CA 90001
331;Jason;Green;1965-07-21;CN Tower 301, Toronto, Canada M5V 2T6
332;Samuel;Brown;2005-03-19;666 Ocean Avenue, Miami, FL 33101
333;Carol;Baker;2007-08-27;Brandenburger Tor 1, Berlin, Germany 10117
334;Donald;Green;2001-01-03;Forbidden City 4, Beijing, China 100006
335;Linda;Williams;1999-12-07;864 Palm Drive, San Jose, CA 95101
336;Kevin;Walker;1969-01-31;Piazza San Marco 1, Venice, Italy 30124
337;Joshua;Anderson;1997-10-22;222 Park Avenue, Boston, MA 02101
338;Carol;Allen;2006-08-15;321 Elm Boulevard, Houston, TX 77001
339;Larry;Ramirez;1962-06-03;222 Park Avenue, Boston, MA 02101
340;William;Jones;1964-09-14;Red Square 1, Moscow, Russia 109012
341;Karen;Davis;1976-05-08;654 Maple Drive, Phoenix, AZ 85001
342;Gregory;Thomas;1978-09-07;753 Willow Avenue, San Diego, CA 92101
343;Christopher;Hernandez;1971-03-21;Copacabana Beach 100, Rio de Janeiro, Brazil 22070-011
344;Richard;Thomas;1983-07-12;Copacabana Beach 100, Rio de Janeiro, Brazil 22070-011
345;Anna;Adams;1991-08-17;456 Oak Avenue, Los Angeles, CA 90001
346;Donald;Wright;1983-03-09;Copacabana Beach 100, Rio de Janeiro, Brazil 22070-011
347;Justin;Perez;1994-06-05;Marina Bay Sands 10, Singapore 018956
348;Sarah;Scott;2007-03-27;Sydney Opera House, Sydney, Australia 2000
349;Dennis;Adams;2006-10-14;Sagrada Família 401, Barcelona, Spain 08013
350;David;Moore;1993-04-06;555 Mountain Street, Washington, DC 20001
351;Michelle;Rodriguez;1978-01-22;Brandenburger Tor 1, Berlin, Germany 10117
352;Amy;Rodriguez;1998-07-21;666 Ocean Avenue, Miami, FL 33101
353;Samantha;Brown;2002-05-29;456 Oak Avenue, Los Angeles, CA 90001
354;Timothy;Thompson;1996-12-20;Table Mountain Rd, Cape Town, South Africa 8001
355;Donald;Lee;2007-08-31;Table Mountain Rd, Cape Town, South Africa 8001
356;Joseph;Hill;1966-03-04;987 Cedar Lane, Philadelphia, PA 19101
357;Ryan;Thomas;1993-05-17;222 Park Avenue, Boston, MA 02101
358;Dennis;Taylor;1968-01-29;Table Mountain Rd, Cape Town, South Africa 8001
359;Brenda;Wright;1961-12-05;Copacabana Beach 100, Rio de Janeiro, Brazil 22070-011
360;Edward;Scott;1993-10-31;444 Lake View, Denver, CO 80201
361;Sharon;Adams;1971-06-15;CN Tower 301, Toronto, Canada M5V 2T6
362;Patricia;Lee;2006-07-31;Red Square 1, Moscow, Russia 109012
363;Gary;Perez;1966-12-17;246 Spruce Road, Dallas, TX 75201
364;Patrick;Moore;2003-01-11;Taj Mahal, Agra, India 282001
365;Angela;Lopez;1967-07-25;753 Willow Avenue, San Diego, CA 92101
366;Jacob;Torres;1961-03-17;Red Square 1, Moscow, Russia 109012
367;Kenneth;Williams;1990-03-01;666 Ocean Avenue, Miami, FL 33101
368;Rebecca;Campbell;1976-08-01;456 Oak Avenue, Los Angeles, CA 90001
369;Jennifer;Walker;2002-02-22;333 River Road, Seattle, WA 98101
370;Rachel;Campbell;1973-12-22;CN Tower 301, Toronto, Canada M5V 2T6
371;Matthew;Carter;1971-09-08;Sydney Opera House, Sydney, Australia 2000
372;Kimberly;Lee;1965-06-08;753 Willow Avenue, San Diego, CA 92101
373;Jacob;Wilson;1964-03-17;444 Lake View, Denver, CO 80201
374;Frank;King;1994-09-14;987 Cedar Lane, Philadelphia, PA 19101
375;Samantha;Campbell;1973-07-04;Table Mountain Rd, Cape Town, South Africa 8001
376;Jack;Sanchez;2006-08-24;654 Maple Drive, Phoenix, AZ 85001
377;George;Campbell;1986-06-16;159 Birch Street, San Antonio, TX 78201
378;Margaret;Nelson;1981-02-25;Sagrada Família 401, Barcelona, Spain 08013
379;Nancy;Martin;1966-12-28;555 Mountain Street, Washington, DC 20001
380;Jacob;Green;1961-03-06;987 Cedar Lane, Philadelphia, PA 19101
381;Jacob;Jackson;1991-02-06;753 Willow Avenue, San Diego, CA 92101
382;Pamela;Harris;1961-09-09;333 River Road, Seattle, WA 98101
383;Eric;Lewis;1961-01-04;333 River Road, Seattle, WA 98101
384;John;Martin;1998-04-02;Sydney Opera House, Sydney, Australia 2000
385;Deborah;Nelson;1994-03-05;Red Square 1, Moscow, Russia 109012
386;Cynthia;Davis;2001-01-10;CN Tower 301, Toronto, Canada M5V 2T6
387;Lisa;Adams;1994-07-30;159 Birch Street, San Antonio, TX 78201
388;Jessica;Nelson;1997-12-12;CN Tower 301, Toronto, Canada M5V 2T6
389;Anthony;Hernandez;1961-04-10;Taj Mahal, Agra, India 282001
390;Betty;Sanchez;1978-09-16;Burj Khalifa 1, Dubai, UAE
391;Brenda;Rivera;1961-04-19;Forbidden City 4, Beijing, China 100006
392;Kenneth;Nelson;2001-07-28;444 Lake View, Denver, CO 80201
393;Nancy;Nguyen;1997-11-13;987 Cedar Lane, Philadelphia, PA 19101
394;Laura;Garcia;1983-08-30;753 Willow Avenue, San Diego, CA 92101
395;Stephen;Rivera;1997-09-05;Copacabana Beach 100, Rio de Janeiro, Brazil 22070-011
396;Christopher;Robinson;1988-04-01;Gyeongbokgung Palace 161, Seoul, South Korea 03045
397;Thomas;Rivera;1964-08-15;CN Tower 301, Toronto, Canada M5V 2T6
398;Gregory;Smith;1995-10-10;123 Main Street, New York, NY 10001
399;Michael;Gonzalez;1986-01-07;Table Mountain Rd, Cape Town, South Africa 8001
400;Brandon;Hernandez;2005-01-05;456 Oak Avenue, Los Angeles, CA 90001
401;Carolyn;Lee;1999-10-27;Red Square 1, Moscow, Russia 109012
402;Margaret;Brown;1982-04-12;789 Pine Road, Chicago, IL 60601
403;Scott;Baker;1965-04-01;Table Mountain Rd, Cape Town, South Africa 8001
404;Margaret;Carter;1964-07-07;Forbidden City 4, Beijing, China 100006
405;Cynthia;Lopez;1996-06-23;246 Spruce Road, Dallas, TX 75201
406;Daniel;Anderson;1965-12-31;789 Pine Road, Chicago, IL 60601
407;Gregory;Walker;1984-02-05;Piazza San Marco 1, Venice, Italy 30124
408;Cynthia;Flores;1964-06-06;Sydney Opera House, Sydney, Australia 2000
409;Cynthia;Scott;2005-08-31;Forbidden City 4, Beijing, China 100006
410;Emma;Ramirez;1976-03-01;246 Spruce Road, Dallas, TX 75201
411;Christine;Perez;1972-12-06;Red Square 1, Moscow, Russia 109012
412;Stephen;Thompson;1962-04-04;753 Willow Avenue, San Diego, CA 92101
413;Larry;Johnson;1979-04-05;753 Willow Avenue, San Diego, CA 92101
414;Virginia;Wilson;1991-09-03;Brandenburger Tor 1, Berlin, Germany 10117
415;Kenneth;Ramirez;1988-11-14;123 Main Street, New York, NY 10001
416;Samuel;Jackson;1961-07-29;Forbidden City 4, Beijing, China 100006
417;Elizabeth;Thompson;1969-06-20;123 Main Street, New York, NY 10001
418;Edward;Adams;1996-05-26;456 Oak Avenue, Los Angeles, CA 90001
419;George;Martin;1963-02-07;Brandenburger Tor 1, Berlin, Germany 10117
420;Lisa;Smith;1986-01-09;Copacabana Beach 100, Rio de Janeiro, Brazil 22070-011
421;Frank;Rivera;1997-12-02;159 Birch Street, San Antonio, TX 78201
422;Kevin;Jones;1975-07-23;Forbidden City 4, Beijing, China 100006
423;Jennifer;Perez;1998-09-01;456 Oak Avenue, Los Angeles, CA 90001
424;Debra;Anderson;1974-02-12;Marina Bay Sands 10, Singapore 018956
425;Rebecca;Jackson;2003-05-21;444 Lake View, Denver, CO 80201
426;Benjamin;Lee;1970-09-01;Gyeongbokgung Palace 161, Seoul, South Korea 03045
427;Joshua;Garcia;1998-05-27;222 Park Avenue, Boston, MA 02101
428;Margaret;Wright;2007-02-18;321 Elm Boulevard, Houston, TX 77001
429;David;Lee;2003-11-19;Forbidden City 4, Beijing, China 100006
430;George;Smith;1978-10-06;Red Square 1, Moscow, Russia 109012
431;Paul;Perez;1968-07-17;Champs-Élysées 75, Paris, France 75008
432;Melissa;Rivera;1970-03-11;159 Birch Street, San Antonio, TX 78201
433;Deborah;Martinez;2003-08-29;Forbidden City 4, Beijing, China 100006
434;Richard;Smith;2000-07-26;456 Oak Avenue, Los Angeles, CA 90001
435;Katherine;Rodriguez;1974-01-25;Sydney Opera House, Sydney, Australia 2000
436;Jerry;Thompson;1976-06-01;444 Lake View, Denver, CO 80201
437;Linda;Rodriguez;1980-05-07;CN Tower 301, Toronto, Canada M5V 2T6
438;Michelle;Taylor;1994-05-14;Table Mountain Rd, Cape Town, South Africa 8001
439;Timothy;Mitchell;1980-06-28;Gyeongbokgung Palace 161, Seoul, South Korea 03045
440;David;Hill;1970-01-22;CN Tower 301, Toronto, Canada M5V 2T6
441;Steven;Garcia;1973-03-31;246 Spruce Road, Dallas, TX 75201
442;Christine;Carter;1974-04-27;246 Spruce Road, Dallas, TX 75201
443;Kimberly;Mitchell;2005-05-01;753 Willow Avenue, San Diego, CA 92101
444;Donna;Hill;1974-08-17;Copacabana Beach 100, Rio de Janeiro, Brazil 22070-011
445;Dennis;Campbell;1962-06-10;Shibuya Crossing 2, Tokyo, Japan 150-0043
446;Alexander;Moore;1975-01-13;666 Ocean Avenue, Miami, FL 33101
447;Jennifer;Wilson;1974-06-29;444 Lake View, Denver, CO 80201
448;Brian;King;1972-10-09;Shibuya Crossing 2, Tokyo, Japan 150-0043
449;Janet;Moore;1966-07-17;Brandenburger Tor 1, Berlin, Germany 10117
450;Patrick;White;2004-03-02;159 Birch Street, San Antonio, TX 78201
451;Melissa;Johnson;1965-06-14;654 Maple Drive, Phoenix, AZ 85001
452;John;Nelson;1971-11-26;159 Birch Street, San Antonio, TX 78201
453;Elizabeth;Harris;1975-12-05;123 Main Street, New York, NY 10001
454;Linda;Lee;1999-01-01;Champs-Élysées 75, Paris, France 75008
455;Barbara;Thomas;1976-08-13;753 Willow Avenue, San Diego, CA 92101
456;Brandon;Rodriguez;2001-04-08;Table Mountain Rd, Cape Town, South Africa 8001
457;Jessica;Flores;1998-01-23;159 Birch Street, San Antonio, TX 78201
458;Richard;Campbell;1989-12-05;Table Mountain Rd, Cape Town, South Africa 8001
459;Catherine;Sanchez;1973-04-15;Forbidden City 4, Beijing, China 100006
460;Patricia;Williams;2001-03-01;Copacabana Beach 100, Rio de Janeiro, Brazil 22070-011
461;George;Flores;2006-04-22;456 Oak Avenue, Los Angeles, CA 90001
462;Paul;Anderson;1983-01-22;Forbidden City 4, Beijing, China 100006
463;Justin;Carter;1962-04-28;CN Tower 301, Toronto, Canada M5V 2T6
464;Michelle;White;2005-01-27;987 Cedar Lane, Philadelphia, PA 19101
465;Samuel;Nelson;1999-03-05;Copacabana Beach 100, Rio de Janeiro, Brazil 22070-011
466;Larry;White;2000-08-06;Gyeongbokgung Palace 161, Seoul, South Korea 03045
467;Christine;Green;1965-03-04;Taj Mahal, Agra, India 282001
468;Nancy;Martinez;1990-11-30;123 Main Street, New York, NY 10001
469;Larry;Roberts;2001-05-28;333 River Road, Seattle, WA 98101
470;Linda;Clark;1996-02-18;753 Willow Avenue, San Diego, CA 92101
471;Jacob;Flores;1998-12-05;159 Birch Street, San Antonio, TX 78201
472;Amanda;Moore;2001-05-21;Table Mountain Rd, Cape Town, South Africa 8001
473;Matthew;Lewis;2002-02-23;123 Main Street, New York, NY 10001
474;Emily;King;1962-07-16;Sagrada Família 401, Barcelona, Spain 08013
475;Kimberly;Nguyen;1969-12-24;864 Palm Drive, San Jose, CA 95101
476;Raymond;Moore;1996-02-12;Brandenburger Tor 1, Berlin, Germany 10117
477;Michelle;Johnson;2003-04-18;666 Ocean Avenue, Miami, FL 33101
478;Lisa;Hall;2003-05-31;555 Mountain Street, Washington, DC 20001
479;James;Mitchell;2003-12-12;Taj Mahal, Agra, India 282001
480;Brenda;Roberts;1964-07-17;456 Oak Avenue, Los Angeles, CA 90001
481;Joshua;Robinson;1991-08-16;Champs-Élysées 75, Paris, France 75008
482;Joseph;Clark;2001-01-26;Shibuya Crossing 2, Tokyo, Japan 150-0043
483;Linda;Roberts;2003-03-20;456 Oak Avenue, Los Angeles, CA 90001
484;Kenneth;Lewis;1990-12-06;Forbidden City 4, Beijing, China 100006
485;Cynthia;Robinson;1967-07-23;Brandenburger Tor 1, Berlin, Germany 10117
486;Dennis;Carter;1967-08-15;753 Willow Avenue, San Diego, CA 92101
487;Anthony;Sanchez;1980-12-13;Taj Mahal, Agra, India 282001
488;Laura;Adams;1971-05-09;753 Willow Avenue, San Diego, CA 92101
489;Charles;Martinez;2000-11-10;Piazza San Marco 1, Venice, Italy 30124
490;Nicole;Hernandez;2007-01-03;Brandenburger Tor 1, Berlin, Germany 10117
491;Lisa;Flores;1971-05-05;Sydney Opera House, Sydney, Australia 2000
492;Kevin;Young;1964-11-23;555 Mountain Street, Washington, DC 20001
493;Michael;Wright;1998-01-28;Taj Mahal, Agra, India 282001
494;Ryan;Moore;1976-03-11;Forbidden City 4, Beijing, China 100006
495;George;Garcia;1975-03-05;654 Maple Drive, Phoenix, AZ 85001
496;Susan;Nguyen;1974-04-07;666 Ocean Avenue, Miami, FL 33101
497;Samuel;Johnson;1979-10-16;222 Park Avenue, Boston, MA 02101
498;Amy;Robinson;2000-08-03;CN Tower 301, Toronto, Canada M5V 2T6
499;Janet;Harris;1980-10-20;654 Maple Drive, Phoenix, AZ 85001
500;Janet;Smith;1968-07-05;321 Elm Boulevard, Houston, TX 77001
501;Timothy;Baker;2005-03-11;Champs-Élysées 75, Paris, France 75008
502;Raymond;Thomas;1997-04-19;321 Elm Boulevard, Houston, TX 77001
503;Virginia;Rivera;1992-07-18;333 River Road, Seattle, WA 98101
504;Sarah;Campbell;2007-05-07;Brandenburger Tor 1, Berlin, Germany 10117
505;Emma;Nguyen;1988-03-23;246 Spruce Road, Dallas, TX 75201
506;Kenneth;Scott;1984-07-31;Sydney Opera House, Sydney, Australia 2000
507;Edward;Smith;1989-12-27;Burj Khalifa 1, Dubai, UAE
508;Melissa;Robinson;1998-05-05;Gyeongbokgung Palace 161, Seoul, South Korea 03045
509;Frank;Young;1998-06-03;Table Mountain Rd, Cape Town, South Africa 8001
510;Linda;Campbell;2000-05-05;246 Spruce Road, Dallas, TX 75201
511;Carol;Carter;1990-06-17;Table Mountain Rd, Cape Town, South Africa 8001
512;Carolyn;Wilson;1997-04-28;Copacabana Beach 100, Rio de Janeiro, Brazil 22070-011
513;Eric;Mitchell;1965-12-26;333 River Road, Seattle, WA 98101
514;Matthew;Nguyen;1986-10-03;Burj Khalifa 1, Dubai, UAE
515;Charles;Sanchez;1964-05-25;Sagrada Família 401, Barcelona, Spain 08013
516;Thomas;Thomas;1982-03-10;321 Elm Boulevard, Houston, TX 77001
517;Christopher;Hernandez;1985-07-31;Gyeongbokgung Palace 161, Seoul, South Korea 03045
518;Carol;Adams;1962-10-20;Gyeongbokgung Palace 161, Seoul, South Korea 03045
519;Ryan;Rodriguez;1986-10-23;123 Main Street, New York, NY 10001
520;Carol;Torres;1988-08-28;222 Park Avenue, Boston, MA 02101
521;Frank;Roberts;1983-12-06;222 Park Avenue, Boston, MA 02101
522;Brandon;Campbell;1972-07-05;Brandenburger Tor 1, Berlin, Germany 10117
523;Dennis;Allen;1968-02-04;Copacabana Beach 100, Rio de Janeiro, Brazil 22070-011
524;Christine;Davis;1986-01-09;Red Square 1, Moscow, Russia 109012
525;Karen;Perez;1971-05-01;444 Lake View, Denver, CO 80201
526;Elizabeth;King;1990-01-31;789 Pine Road, Chicago, IL 60601
527;Justin;Perez;2003-02-03;Gyeongbokgung Palace 161, Seoul, South Korea 03045
528;Anthony;Lee;2003-03-01;333 River Road, Seattle, WA 98101
529;Mark;Hall;1970-04-18;Sagrada Família 401, Barcelona, Spain 08013
530;Catherine;Brown;1983-12-12;789 Pine Road, Chicago, IL 60601
531;Ronald;Smith;1964-10-21;246 Spruce Road, Dallas, TX 75201
532;Stephen;Clark;1981-05-08;Sagrada Família 401, Barcelona, Spain 08013
533;Timothy;Nelson;1984-07-10;654 Maple Drive, Phoenix, AZ 85001
534;Carolyn;Rodriguez;1990-06-09;321 Elm Boulevard, Houston, TX 77001
535;Jessica;Clark;1968-03-15;321 Elm Boulevard, Houston, TX 77001
536;Frank;Wright;2002-10-11;789 Pine Road, Chicago, IL 60601
537;Debra;Miller;1996-12-02;Taj Mahal, Agra, India 282001
538;Susan;Roberts;1992-02-05;Burj Khalifa 1, Dubai, UAE
539;Nancy;Scott;1980-08-10;Red Square 1, Moscow, Russia 109012
540;Jeffrey;Harris;2000-12-25;654 Maple Drive, Phoenix, AZ 85001
541;Dennis;Perez;1964-03-27;Red Square 1, Moscow, Russia 109012
542;Sandra;Garcia;1972-06-22;Copacabana Beach 100, Rio de Janeiro, Brazil 22070-011
543;Benjamin;Young;1983-05-31;Marina Bay Sands 10, Singapore 018956
544;Eric;Miller;2003-08-04;321 Elm Boulevard, Houston, TX 77001
545;Eric;Williams;1989-06-10;456 Oak Avenue, Los Angeles, CA 90001
546;Rebecca;King;1999-01-22;246 Spruce Road, Dallas, TX 75201
547;George;Smith;1988-03-02;987 Cedar Lane, Philadelphia, PA 19101
548;Cynthia;Hill;1962-12-30;Red Square 1, Moscow, Russia 109012
549;Timothy;Sanchez;1971-08-04;321 Elm Boulevard, Houston, TX 77001
550;Scott;Allen;1984-04-27;159 Birch Street, San Antonio, TX 78201
551;Justin;Williams;1992-04-09;Table Mountain Rd, Cape Town, South Africa 8001
552;Anthony;Hernandez;1964-05-21;Shibuya Crossing 2, Tokyo, Japan 150-0043
553;Samuel;Hall;1966-12-24;444 Lake View, Denver, CO 80201
554;Robert;Garcia;1967-08-24;Red Square 1, Moscow, Russia 109012
555;Samantha;Hill;1999-07-12;Brandenburger Tor 1, Berlin, Germany 10117
556;Raymond;Wilson;1984-12-18;864 Palm Drive, San Jose, CA 95101
557;Richard;Hill;1965-02-10;333 River Road, Seattle, WA 98101
558;Brenda;Miller;1974-12-29;Marina Bay Sands 10, Singapore 018956
559;Steven;Walker;2006-01-04;987 Cedar Lane, Philadelphia, PA 19101
560;William;Gonzalez;1989-09-06;456 Oak Avenue, Los Angeles, CA 90001
561;Patrick;Nguyen;1985-12-26;Shibuya Crossing 2, Tokyo, Japan 150-0043
562;Ryan;Ramirez;2005-06-27;Shibuya Crossing 2, Tokyo, Japan 150-0043
563;Catherine;Miller;1990-07-14;555 Mountain Street, Washington, DC 20001
564;Jessica;Rodriguez;1990-09-04;Burj Khalifa 1, Dubai, UAE
565;Scott;Thomas;1990-07-19;Copacabana Beach 100, Rio de Janeiro, Brazil 22070-011
566;Maria;Jackson;1984-11-24;789 Pine Road, Chicago, IL 60601
567;Nancy;Walker;1975-11-09;987 Cedar Lane, Philadelphia, PA 19101
568;Emma;Ramirez;1962-09-08;Sagrada Família 401, Barcelona, Spain 08013
569;Dennis;Adams;1964-05-17;Marina Bay Sands 10, Singapore 018956
570;Patricia;Martin;1999-11-07;Red Square 1, Moscow, Russia 109012
571;Emily;Torres;1980-01-16;321 Elm Boulevard, Houston, TX 77001
572;Robert;Harris;1988-12-01;753 Willow Avenue, San Diego, CA 92101
573;Linda;Robinson;1992-01-05;Sydney Opera House, Sydney, Australia 2000
574;Mark;Hernandez;2006-10-30;Shibuya Crossing 2, Tokyo, Japan 150-0043
575;Betty;Gonzalez;1999-01-19;456 Oak Avenue, Los Angeles, CA 90001
576;Samantha;Ramirez;1989-06-05;321 Elm Boulevard, Houston, TX 77001
577;Ashley;Carter;2004-01-01;987 Cedar Lane, Philadelphia, PA 19101
578;Janet;King;1984-08-01;456 Oak Avenue, Los Angeles, CA 90001
579;Mary;Garcia;2003-12-28;Shibuya Crossing 2, Tokyo, Japan 150-0043
580;Stephen;Hernandez;1978-12-24;333 River Road, Seattle, WA 98101
581;Christopher;Hall;1994-07-11;Shibuya Crossing 2, Tokyo, Japan 150-0043
582;Andrew;Moore;1993-12-07;Gyeongbokgung Palace 161, Seoul, South Korea 03045
583;Brenda;Lopez;1972-08-19;Table Mountain Rd, Cape Town, South Africa 8001
584;Nicole;Martin;1992-09-16;123 Main Street, New York, NY 10001
585;Thomas;Brown;1995-11-27;Marina Bay Sands 10, Singapore 018956
586;Jeffrey;Scott;1990-04-23;Shibuya Crossing 2, Tokyo, Japan 150-0043
587;Ryan;Clark;1970-05-10;987 Cedar Lane, Philadelphia, PA 19101
588;Samantha;Anderson;1984-04-15;456 Oak Avenue, Los Angeles, CA 90001
589;David;Jackson;1992-01-10;Forbidden City 4, Beijing, China 100006
590;Dorothy;Hall;1971-06-13;654 Maple Drive, Phoenix, AZ 85001
591;Gary;Wright;1985-09-11;Champs-Élysées 75, Paris, France 75008
592;Jeffrey;Thompson;2002-10-07;321 Elm Boulevard, Houston, TX 77001
593;Emma;Nguyen;1992-03-16;246 Spruce Road, Dallas, TX 75201
594;Ruth;Hernandez;1967-01-03;Champs-Élysées 75, Paris, France 75008
595;Jack;Miller;1964-03-26;987 Cedar Lane, Philadelphia, PA 19101
596;Samantha;Ramirez;1989-12-20;987 Cedar Lane, Philadelphia, PA 19101
597;George;Young;2006-01-15;Brandenburger Tor 1, Berlin, Germany 10117
598;Charles;Perez;1962-11-12;456 Oak Avenue, Los Angeles, CA 90001
599;Jennifer;Martinez;2002-09-10;Sagrada Família 401, Barcelona, Spain 08013
600;Sandra;Carter;1994-07-24;Forbidden City 4, Beijing, China 100006
601;Betty;Wilson;1993-02-27;864 Palm Drive, San Jose, CA 95101
602;Helen;Rodriguez;2001-11-26;864 Palm Drive, San Jose, CA 95101
603;Charles;Allen;2003-08-02;Sydney Opera House, Sydney, Australia 2000
604;Jonathan;Flores;1975-10-13;Taj Mahal, Agra, India 282001
605;George;Nelson;1995-02-16;Marina Bay Sands 10, Singapore 018956
606;Angela;White;2001-07-23;654 Maple Drive, Phoenix, AZ 85001
607;Virginia;Flores;1962-07-30;444 Lake View, Denver, CO 80201
608;John;Walker;2003-07-26;789 Pine Road, Chicago, IL 60601
609;Mary;Adams;1965-04-17;CN Tower 301, Toronto, Canada M5V 2T6
610;Angela;Young;1965-07-23;Red Square 1, Moscow, Russia 109012
611;Susan;Martin;1964-08-03;Marina Bay Sands 10, Singapore 018956
612;Kimberly;Walker;1964-11-03;789 Pine Road, Chicago, IL 60601
613;Debra;Lopez;1993-09-30;321 Elm Boulevard, Houston, TX 77001
614;Karen;White;2002-06-10;Gyeongbokgung Palace 161, Seoul, South Korea 03045
615;Paul;Hall;1972-06-14;321 Elm Boulevard, Houston, TX 77001
616;Cynthia;Sanchez;1981-09-08;555 Mountain Street, Washington, DC 20001
617;Kevin;Thompson;1991-10-20;987 Cedar Lane, Philadelphia, PA 19101
618;Elizabeth;Hall;1970-11-02;321 Elm Boulevard, Houston, TX 77001
619;Deborah;Gonzalez;1965-04-16;CN Tower 301, Toronto, Canada M5V 2T6
620;Ryan;Gonzalez;1974-02-07;Table Mountain Rd, Cape Town, South Africa 8001
621;Mary;Williams;1998-09-05;Marina Bay Sands 10, Singapore 018956
622;Debra;Hill;1973-12-22;246 Spruce Road, Dallas, TX 75201
623;Susan;Lopez;2002-02-03;456 Oak Avenue, Los Angeles, CA 90001
624;Barbara;Jackson;1977-10-14;Gyeongbokgung Palace 161, Seoul, South Korea 03045
625;Dorothy;Perez;1966-07-12;Burj Khalifa 1, Dubai, UAE
626;Matthew;Lee;2004-05-21;Copacabana Beach 100, Rio de Janeiro, Brazil 22070-011
627;Janet;Anderson;1974-03-28;Champs-Élysées 75, Paris, France 75008
628;Donald;Jones;1962-02-02;321 Elm Boulevard, Houston, TX 77001
629;Rachel;Hall;1992-01-26;456 Oak Avenue, Los Angeles, CA 90001
630;Timothy;Lewis;1987-05-13;Brandenburger Tor 1, Berlin, Germany 10117
631;Ronald;Nguyen;1977-07-21;159 Birch Street, San Antonio, TX 78201
632;Raymond;Wilson;2006-04-25;Piazza San Marco 1, Venice, Italy 30124
633;Angela;Scott;1966-04-13;666 Ocean Avenue, Miami, FL 33101
634;Richard;Scott;2000-10-07;Forbidden City 4, Beijing, China 100006
635;Andrew;Harris;1987-12-05;Champs-Élysées 75, Paris, France 75008
636;Brian;Lewis;1987-12-26;246 Spruce Road, Dallas, TX 75201
637;Nancy;King;1964-08-29;CN Tower 301, Toronto, Canada M5V 2T6
638;Amy;Walker;1993-01-25;Sydney Opera House, Sydney, Australia 2000
639;David;Lewis;1995-11-20;864 Palm Drive, San Jose, CA 95101
640;Lisa;Clark;1999-01-03;Copacabana Beach 100, Rio de Janeiro, Brazil 22070-011
641;Eric;Harris;1995-10-18;Piazza San Marco 1, Venice, Italy 30124
642;Stephanie;Carter;1985-04-11;654 Maple Drive, Phoenix, AZ 85001
643;Paul;Carter;1966-11-07;321 Elm Boulevard, Houston, TX 77001
644;Stephen;Hill;1968-03-28;Champs-Élysées 75, Paris, France 75008
645;Nicholas;Jackson;2006-07-27;Sagrada Família 401, Barcelona, Spain 08013
646;Charles;Hill;1987-03-05;Champs-Élysées 75, Paris, France 75008
647;Joseph;Nelson;1985-12-21;753 Willow Avenue, San Diego, CA 92101
648;David;Scott;1999-05-27;Burj Khalifa 1, Dubai, UAE
649;Jennifer;Lopez;1972-10-30;Copacabana Beach 100, Rio de Janeiro, Brazil 22070-011
650;Melissa;Thomas;2005-06-01;444 Lake View, Denver, CO 80201
651;Pamela;Taylor;1975-07-29;159 Birch Street, San Antonio, TX 78201
652;Timothy;Jackson;1970-04-27;555 Mountain Street, Washington, DC 20001
653;Emily;Adams;1969-03-06;Taj Mahal, Agra, India 282001
654;Jessica;Miller;1986-05-23;222 Park Avenue, Boston, MA 02101
655;Anna;Nguyen;1982-10-24;753 Willow Avenue, San Diego, CA 92101
656;Carol;Mitchell;1974-08-24;246 Spruce Road, Dallas, TX 75201
657;Larry;Nelson;1962-06-25;333 River Road, Seattle, WA 98101
658;Nancy;Baker;1961-10-04;222 Park Avenue, Boston, MA 02101
659;Emily;Miller;1966-09-06;456 Oak Avenue, Los Angeles, CA 90001
660;Karen;Walker;1997-11-29;Shibuya Crossing 2, Tokyo, Japan 150-0043
661;Alexander;Young;1987-04-16;555 Mountain Street, Washington, DC 20001
662;Joshua;Brown;1991-05-27;321 Elm Boulevard, Houston, TX 77001
663;Christopher;Hall;1994-02-23;864 Palm Drive, San Jose, CA 95101
664;Helen;Scott;1978-03-06;Brandenburger Tor 1, Berlin, Germany 10117
665;Sharon;Baker;1964-06-19;789 Pine Road, Chicago, IL 60601
666;Eric;Johnson;2005-10-13;Gyeongbokgung Palace 161, Seoul, South Korea 03045
667;Stephen;Wilson;1984-10-04;Copacabana Beach 100, Rio de Janeiro, Brazil 22070-011
668;Jessica;Mitchell;1989-02-16;789 Pine Road, Chicago, IL 60601
669;Patrick;Garcia;1969-09-10;159 Birch Street, San Antonio, TX 78201
670;Kevin;Perez;1993-06-24;Sydney Opera House, Sydney, Australia 2000
671;Pamela;Jackson;1995-01-09;Red Square 1, Moscow, Russia 109012
672;Alexander;Ramirez;2005-08-16;753 Willow Avenue, San Diego, CA 92101
673;Laura;Brown;1975-07-28;321 Elm Boulevard, Houston, TX 77001
674;Amanda;White;2006-06-07;864 Palm Drive, San Jose, CA 95101
675;Edward;Hernandez;2005-05-19;Shibuya Crossing 2, Tokyo, Japan 150-0043
676;Mary;Hernandez;1965-04-23;Burj Khalifa 1, Dubai, UAE
677;Jessica;Lewis;1995-06-29;Forbidden City 4, Beijing, China 100006
678;Jennifer;Mitchell;1991-04-16;246 Spruce Road, Dallas, TX 75201
679;Jack;Nguyen;1973-11-16;246 Spruce Road, Dallas, TX 75201
680;Larry;Jackson;1978-10-11;CN Tower 301, Toronto, Canada M5V 2T6
681;Paul;Carter;1984-05-08;CN Tower 301, Toronto, Canada M5V 2T6
682;Debra;Gonzalez;1989-08-03;Table Mountain Rd, Cape Town, South Africa 8001
683;Gary;Garcia;1995-12-21;456 Oak Avenue, Los Angeles, CA 90001
684;Debra;Hill;1964-06-30;159 Birch Street, San Antonio, TX 78201
685;Donna;Clark;1968-03-07;Forbidden City 4, Beijing, China 100006
686;Patrick;Miller;1992-12-04;Table Mountain Rd, Cape Town, South Africa 8001
687;Melissa;Campbell;2006-07-17;666 Ocean Avenue, Miami, FL 33101
688;Dennis;Gonzalez;1966-09-15;Copacabana Beach 100, Rio de Janeiro, Brazil 22070-011
689;Emma;Thomas;1970-05-12;444 Lake View, Denver, CO 80201
690;Alexander;Miller;1969-03-21;Piazza San Marco 1, Venice, Italy 30124
691;Linda;Perez;2006-11-14;Taj Mahal, Agra, India 282001
692;John;Sanchez;1967-08-03;Brandenburger Tor 1, Berlin, Germany 10117
693;Jeffrey;Roberts;1976-05-01;321 Elm Boulevard, Houston, TX 77001
694;Christopher;Moore;1967-08-12;Burj Khalifa 1, Dubai, UAE
695;Justin;King;1963-07-29;159 Birch Street, San Antonio, TX 78201
696;Nicholas;Allen;1962-12-17;Champs-Élysées 75, Paris, France 75008
697;Barbara;Hall;1984-04-11;222 Park Avenue, Boston, MA 02101
698;Elizabeth;Martinez;1969-12-31;159 Birch Street, San Antonio, TX 78201
699;Catherine;Baker;1998-05-05;Copacabana Beach 100, Rio de Janeiro, Brazil 22070-011
700;Christine;King;1989-07-31;246 Spruce Road, Dallas, TX 75201
701;Donna;Walker;1965-12-24;Brandenburger Tor 1, Berlin, Germany 10117
702;Kathleen;Taylor;1969-07-17;222 Park Avenue, Boston, MA 02101
703;Richard;Young;1961-06-10;Red Square 1, Moscow, Russia 109012
704;Jonathan;Mitchell;2000-05-04;444 Lake View, Denver, CO 80201
705;Christopher;Rodriguez;1995-02-06;753 Willow Avenue, San Diego, CA 92101
706;Ruth;Anderson;2007-04-28;Sydney Opera House, Sydney, Australia 2000
707;Justin;Nelson;1984-03-21;864 Palm Drive, San Jose, CA 95101
708;Justin;Roberts;1989-04-30;Sydney Opera House, Sydney, Australia 2000
709;Carol;Nguyen;2006-03-31;321 Elm Boulevard, Houston, TX 77001
710;Scott;Clark;1977-01-19;Taj Mahal, Agra, India 282001
711;Ronald;King;1992-09-07;321 Elm Boulevard, Houston, TX 77001
712;Elizabeth;Jones;2000-07-17;789 Pine Road, Chicago, IL 60601
713;Steven;Miller;1984-01-14;Piazza San Marco 1, Venice, Italy 30124
714;Janet;Garcia;1984-08-26;Burj Khalifa 1, Dubai, UAE
715;Patricia;Anderson;1992-11-07;Champs-Élysées 75, Paris, France 75008
716;Nicole;Thompson;1980-04-01;Marina Bay Sands 10, Singapore 018956
717;David;Sanchez;1974-01-05;Shibuya Crossing 2, Tokyo, Japan 150-0043
718;David;Miller;1965-06-11;Piazza San Marco 1, Venice, Italy 30124
719;Daniel;Gonzalez;1963-05-16;333 River Road, Seattle, WA 98101
720;Michelle;Torres;1964-04-09;Table Mountain Rd, Cape Town, South Africa 8001
721;Sharon;Perez;2004-04-06;CN Tower 301, Toronto, Canada M5V 2T6
722;Michelle;Moore;1992-06-22;555 Mountain Street, Washington, DC 20001
723;Thomas;Scott;1976-06-25;Red Square 1, Moscow, Russia 109012
724;Stephanie;Mitchell;1960-12-06;456 Oak Avenue, Los Angeles, CA 90001
725;Jack;Miller;1966-12-25;333 River Road, Seattle, WA 98101
726;Nicholas;Nelson;1970-04-28;Marina Bay Sands 10, Singapore 018956
727;Debra;Jones;1998-01-14;864 Palm Drive, San Jose, CA 95101
728;Daniel;Green;1967-11-27;Table Mountain Rd, Cape Town, South Africa 8001
729;Debra;Robinson;1960-11-03;753 Willow Avenue, San Diego, CA 92101
730;Angela;Walker;1998-01-28;Marina Bay Sands 10, Singapore 018956
731;Thomas;Perez;1977-04-14;123 Main Street, New York, NY 10001
732;Gary;White;1967-07-22;246 Spruce Road, Dallas, TX 75201
733;Kenneth;Thomas;1989-06-22;Red Square 1, Moscow, Russia 109012
734;Emma;Brown;2001-05-23;456 Oak Avenue, Los Angeles, CA 90001
735;James;Hall;1974-07-31;444 Lake View, Denver, CO 80201
736;Daniel;Jackson;1968-10-16;456 Oak Avenue, Los Angeles, CA 90001
737;Lisa;Miller;1991-05-20;222 Park Avenue, Boston, MA 02101
738;George;Jackson;1982-04-25;Table Mountain Rd, Cape Town, South Africa 8001
739;Emma;Harris;2000-07-12;Gyeongbokgung Palace 161, Seoul, South Korea 03045
740;Richard;Johnson;1994-02-07;159 Birch Street, San Antonio, TX 78201
741;Jack;Martinez;1963-10-05;Marina Bay Sands 10, Singapore 018956
742;Donald;Walker;2000-12-13;Forbidden City 4, Beijing, China 100006
743;Eric;Brown;1987-04-30;Red Square 1, Moscow, Russia 109012
744;Michelle;Flores;1963-11-22;Brandenburger Tor 1, Berlin, Germany 10117
745;Amy;Jones;1989-01-19;Champs-Élysées 75, Paris, France 75008
746;Robert;Miller;1966-01-08;Champs-Élysées 75, Paris, France 75008
747;Jerry;Anderson;1989-06-14;Gyeongbokgung Palace 161, Seoul, South Korea 03045
748;Susan;Scott;1979-12-19;654 Maple Drive, Phoenix, AZ 85001
749;Michael;Lopez;1983-09-30;Piazza San Marco 1, Venice, Italy 30124
750;Justin;Scott;1993-08-14;456 Oak Avenue, Los Angeles, CA 90001
751;Jason;Carter;1980-08-30;555 Mountain Street, Washington, DC 20001
752;Carol;Taylor;1990-02-20;Piazza San Marco 1, Venice, Italy 30124
753;Virginia;Adams;2004-07-28;159 Birch Street, San Antonio, TX 78201
754;Gregory;White;1971-09-29;Sagrada Família 401, Barcelona, Spain 08013
755;Kenneth;Lopez;1963-02-16;Piazza San Marco 1, Venice, Italy 30124
756;Jeffrey;Hernandez;1996-08-10;Shibuya Crossing 2, Tokyo, Japan 150-0043
757;Ryan;Lewis;1977-06-21;Forbidden City 4, Beijing, China 100006
758;Kenneth;Garcia;1974-12-31;Copacabana Beach 100, Rio de Janeiro, Brazil 22070-011
759;Kenneth;Mitchell;1972-11-27;654 Maple Drive, Phoenix, AZ 85001
760;Andrew;Nguyen;1981-09-28;Sagrada Família 401, Barcelona, Spain 08013
761;Patrick;Moore;1993-11-26;222 Park Avenue, Boston, MA 02101
762;Pamela;Taylor;1973-09-07;222 Park Avenue, Boston, MA 02101
763;Nicole;Flores;1989-01-04;Gyeongbokgung Palace 161, Seoul, South Korea 03045
764;David;Harris;2002-02-11;864 Palm Drive, San Jose, CA 95101
765;Betty;Anderson;1961-06-02;Sydney Opera House, Sydney, Australia 2000
766;Jonathan;Rodriguez;1964-10-14;654 Maple Drive, Phoenix, AZ 85001
767;Ronald;Moore;2003-12-17;987 Cedar Lane, Philadelphia, PA 19101
768;Samantha;Nelson;1973-10-23;Taj Mahal, Agra, India 282001
769;Brandon;Williams;2006-05-17;159 Birch Street, San Antonio, TX 78201
770;Daniel;Martin;2003-05-02;Sydney Opera House, Sydney, Australia 2000
771;Jerry;Moore;1972-02-05;CN Tower 301, Toronto, Canada M5V 2T6
772;Joshua;Lewis;1980-10-28;Marina Bay Sands 10, Singapore 018956
773;Janet;Nguyen;1998-03-03;Piazza San Marco 1, Venice, Italy 30124
774;Samantha;Nguyen;1978-08-19;Brandenburger Tor 1, Berlin, Germany 10117
775;Katherine;Harris;1985-11-19;123 Main Street, New York, NY 10001
776;Susan;Taylor;1997-11-06;222 Park Avenue, Boston, MA 02101
777;Jeffrey;Walker;2003-06-20;333 River Road, Seattle, WA 98101
778;Margaret;Anderson;1965-12-20;Red Square 1, Moscow, Russia 109012
779;Andrew;Thomas;2006-11-30;Copacabana Beach 100, Rio de Janeiro, Brazil 22070-011
780;Jeffrey;Smith;1975-01-31;123 Main Street, New York, NY 10001
781;Joseph;Miller;1992-04-08;Gyeongbokgung Palace 161, Seoul, South Korea 03045
782;Donna;Lee;1984-06-19;456 Oak Avenue, Los Angeles, CA 90001
783;Anna;Rivera;2003-10-16;666 Ocean Avenue, Miami, FL 33101
784;Barbara;Hill;2003-01-16;333 River Road, Seattle, WA 98101
785;Pamela;King;2000-01-18;333 River Road, Seattle, WA 98101
786;Brenda;Sanchez;1969-10-19;321 Elm Boulevard, Houston, TX 77001
787;Matthew;Allen;1975-11-02;666 Ocean Avenue, Miami, FL 33101
788;Mark;Baker;1962-12-31;Brandenburger Tor 1, Berlin, Germany 10117
789;Pamela;Nelson;1984-08-30;753 Willow Avenue, San Diego, CA 92101
790;Angela;Lewis;1994-12-03;Brandenburger Tor 1, Berlin, Germany 10117
791;Joshua;White;1968-12-24;Champs-Élysées 75, Paris, France 75008
792;Anthony;Martinez;1975-08-12;Red Square 1, Moscow, Russia 109012
793;Stephen;Campbell;1977-12-20;321 Elm Boulevard, Houston, TX 77001
794;Samuel;Green;2002-04-09;Red Square 1, Moscow, Russia 109012
795;Mark;Baker;1964-08-20;222 Park Avenue, Boston, MA 02101
796;Ryan;Lopez;1995-09-30;753 Willow Avenue, San Diego, CA 92101
797;Amy;Carter;1994-09-05;Gyeongbokgung Palace 161, Seoul, South Korea 03045
798;Sandra;King;1969-08-02;Table Mountain Rd, Cape Town, South Africa 8001
799;Jeffrey;Ramirez;1986-08-08;666 Ocean Avenue, Miami, FL 33101
800;Ronald;White;2006-07-14;864 Palm Drive, San Jose, CA 95101
801;Helen;Williams;1997-10-10;Champs-Élysées 75, Paris, France 75008
802;Pamela;Moore;1975-06-06;Shibuya Crossing 2, Tokyo, Japan 150-0043
803;Susan;Rodriguez;1984-02-25;Sagrada Família 401, Barcelona, Spain 08013
804;Benjamin;Hernandez;1980-11-25;Table Mountain Rd, Cape Town, South Africa 8001
805;Linda;Green;1971-02-28;Taj Mahal, Agra, India 282001
806;Angela;Thomas;1987-09-25;Brandenburger Tor 1, Berlin, Germany 10117
807;Jennifer;Walker;1999-01-14;Red Square 1, Moscow, Russia 109012
808;Jason;Green;1993-08-24;Marina Bay Sands 10, Singapore 018956
809;Jessica;Lopez;1996-05-31;Sagrada Família 401, Barcelona, Spain 08013
810;Benjamin;Roberts;2002-12-01;159 Birch Street, San Antonio, TX 78201
811;Michelle;Perez;1985-06-09;Copacabana Beach 100, Rio de Janeiro, Brazil 22070-011
812;Carolyn;Martin;1991-02-06;Gyeongbokgung Palace 161, Seoul, South Korea 03045
813;Cynthia;Mitchell;1988-11-12;Burj Khalifa 1, Dubai, UAE
814;Lisa;Lopez;2006-03-26;654 Maple Drive, Phoenix, AZ 85001
815;Janet;Hernandez;1987-07-23;Forbidden City 4, Beijing, China 100006
816;George;Miller;1998-06-10;666 Ocean Avenue, Miami, FL 33101
817;Sharon;Thomas;1977-06-04;Brandenburger Tor 1, Berlin, Germany 10117
818;Ashley;Hall;1995-01-02;444 Lake View, Denver, CO 80201
819;Benjamin;Rivera;1994-01-13;987 Cedar Lane, Philadelphia, PA 19101
820;Helen;Harris;1976-11-16;789 Pine Road, Chicago, IL 60601
821;Jerry;Rivera;1997-05-25;555 Mountain Street, Washington, DC 20001
822;Elizabeth;Flores;1970-12-09;Forbidden City 4, Beijing, China 100006
823;Edward;Mitchell;1999-01-19;666 Ocean Avenue, Miami, FL 33101
824;Scott;Taylor;1975-11-18;Sydney Opera House, Sydney, Australia 2000
825;Mary;Garcia;1994-06-12;Copacabana Beach 100, Rio de Janeiro, Brazil 22070-011
826;Dennis;Adams;1967-04-22;123 Main Street, New York, NY 10001
827;Emily;Johnson;1997-07-14;Marina Bay Sands 10, Singapore 018956
828;Rachel;Martinez;1984-07-20;987 Cedar Lane, Philadelphia, PA 19101
829;Gary;Hill;1968-12-08;753 Willow Avenue, San Diego, CA 92101
830;Sharon;Jackson;1978-10-24;246 Spruce Road, Dallas, TX 75201
831;Sandra;King;1972-12-11;123 Main Street, New York, NY 10001
832;John;Johnson;1984-09-04;456 Oak Avenue, Los Angeles, CA 90001
833;James;White;1977-07-07;246 Spruce Road, Dallas, TX 75201
834;Brenda;Martinez;1984-02-28;864 Palm Drive, San Jose, CA 95101
835;Elizabeth;Rivera;1996-01-21;987 Cedar Lane, Philadelphia, PA 19101
836;Joseph;Rodriguez;1971-09-12;666 Ocean Avenue, Miami, FL 33101
837;Sharon;Lee;1995-02-16;Marina Bay Sands 10, Singapore 018956
838;Donna;Scott;1965-06-18;555 Mountain Street, Washington, DC 20001
839;Nicole;Taylor;2005-04-09;Sydney Opera House, Sydney, Australia 2000
840;Rebecca;Scott;1967-08-10;Table Mountain Rd, Cape Town, South Africa 8001
841;Mary;Campbell;1998-11-27;789 Pine Road, Chicago, IL 60601
842;Jeffrey;Lee;1979-01-25;Table Mountain Rd, Cape Town, South Africa 8001
843;Janet;Hill;2001-05-29;Champs-Élysées 75, Paris, France 75008
844;Janet;Harris;1986-02-16;246 Spruce Road, Dallas, TX 75201
845;William;Jackson;1972-09-30;Red Square 1, Moscow, Russia 109012
846;Nancy;Hernandez;1982-12-25;321 Elm Boulevard, Houston, TX 77001
847;Kimberly;Flores;1999-09-27;Sydney Opera House, Sydney, Australia 2000
848;Timothy;Perez;1999-01-25;Sydney Opera House, Sydney, Australia 2000
849;Kathleen;Lopez;1967-03-31;CN Tower 301, Toronto, Canada M5V 2T6
850;Sarah;Baker;1998-02-07;Sagrada Família 401, Barcelona, Spain 08013
851;Emily;Moore;1977-03-25;Piazza San Marco 1, Venice, Italy 30124
852;Amanda;Mitchell;1992-07-10;555 Mountain Street, Washington, DC 20001
853;Jerry;Davis;1999-05-31;Sydney Opera House, Sydney, Australia 2000
854;Kimberly;Robinson;1963-03-13;Shibuya Crossing 2, Tokyo, Japan 150-0043
855;Alexander;Hernandez;1983-12-05;444 Lake View, Denver, CO 80201
856;John;Harris;1969-04-06;Champs-Élysées 75, Paris, France 75008
857;Emily;Lee;1980-06-27;Table Mountain Rd, Cape Town, South Africa 8001
858;Maria;Baker;2002-12-14;555 Mountain Street, Washington, DC 20001
859;Jonathan;Baker;1977-01-18;333 River Road, Seattle, WA 98101
860;Pamela;Brown;1965-06-24;Forbidden City 4, Beijing, China 100006
861;Jeffrey;Campbell;1974-11-22;159 Birch Street, San Antonio, TX 78201
862;Jonathan;Baker;1967-07-19;321 Elm Boulevard, Houston, TX 77001
863;Melissa;Scott;1966-01-27;555 Mountain Street, Washington, DC 20001
864;Ashley;Mitchell;1989-02-12;CN Tower 301, Toronto, Canada M5V 2T6
865;Anna;Roberts;1979-10-07;987 Cedar Lane, Philadelphia, PA 19101
866;Justin;Davis;1995-12-06;Copacabana Beach 100, Rio de Janeiro, Brazil 22070-011
867;Dennis;Hernandez;1998-07-19;Copacabana Beach 100, Rio de Janeiro, Brazil 22070-011
868;Jennifer;Miller;2002-11-09;666 Ocean Avenue, Miami, FL 33101
869;Melissa;Ramirez;1990-10-13;Brandenburger Tor 1, Berlin, Germany 10117
870;Angela;Davis;1970-10-06;789 Pine Road, Chicago, IL 60601
871;Kevin;Allen;1968-05-28;Champs-Élysées 75, Paris, France 75008
872;Jack;Lewis;1985-07-31;Copacabana Beach 100, Rio de Janeiro, Brazil 22070-011
873;Janet;Wilson;2000-01-05;123 Main Street, New York, NY 10001
874;Jeffrey;Nguyen;1983-12-08;Taj Mahal, Agra, India 282001
875;Helen;Garcia;1965-04-17;Table Mountain Rd, Cape Town, South Africa 8001
876;Dennis;King;1988-07-03;753 Willow Avenue, San Diego, CA 92101
877;John;King;1970-04-26;Marina Bay Sands 10, Singapore 018956
878;John;Hernandez;1976-11-11;Shibuya Crossing 2, Tokyo, Japan 150-0043
879;Ryan;White;1963-09-30;753 Willow Avenue, San Diego, CA 92101
880;Emily;Campbell;2007-07-26;555 Mountain Street, Washington, DC 20001
881;Robert;Robinson;1990-09-17;CN Tower 301, Toronto, Canada M5V 2T6
882;Rachel;Flores;1998-01-05;987 Cedar Lane, Philadelphia, PA 19101
883;Angela;Martinez;1967-04-16;654 Maple Drive, Phoenix, AZ 85001
884;Cynthia;Jones;1969-08-19;Brandenburger Tor 1, Berlin, Germany 10117
885;Samuel;Garcia;1991-01-25;Sydney Opera House, Sydney, Australia 2000
886;Joshua;Miller;1979-05-05;666 Ocean Avenue, Miami, FL 33101
887;Sharon;Johnson;1992-10-02;Burj Khalifa 1, Dubai, UAE
888;Elizabeth;King;1977-01-05;987 Cedar Lane, Philadelphia, PA 19101
889;Matthew;Young;1973-09-26;Shibuya Crossing 2, Tokyo, Japan 150-0043
890;Alexander;Rodriguez;1984-11-25;789 Pine Road, Chicago, IL 60601
891;Christine;King;2004-09-04;987 Cedar Lane, Philadelphia, PA 19101
892;Scott;Lewis;2000-10-21;Sydney Opera House, Sydney, Australia 2000
893;Kenneth;Ramirez;2006-08-06;Copacabana Beach 100, Rio de Janeiro, Brazil 22070-011
894;Susan;Brown;1983-08-09;864 Palm Drive, San Jose, CA 95101
895;Debra;Thompson;1966-04-06;Piazza San Marco 1, Venice, Italy 30124
896;Nancy;Scott;1978-03-16;666 Ocean Avenue, Miami, FL 33101
897;Michelle;Campbell;1963-06-01;CN Tower 301, Toronto, Canada M5V 2T6
898;Jessica;Davis;1973-09-26;Taj Mahal, Agra, India 282001
899;Dennis;Davis;1964-07-25;123 Main Street, New York, NY 10001
900;Michael;Lewis;1970-08-04;456 Oak Avenue, Los Angeles, CA 90001
901;Nicholas;Clark;1972-11-06;Sagrada Família 401, Barcelona, Spain 08013
902;Patricia;Miller;1998-09-03;Red Square 1, Moscow, Russia 109012
903;Deborah;Thomas;1979-02-05;Brandenburger Tor 1, Berlin, Germany 10117
904;Dennis;Mitchell;2001-04-18;Burj Khalifa 1, Dubai, UAE
905;Kevin;Walker;1976-05-22;123 Main Street, New York, NY 10001
906;Carol;Wilson;1978-03-31;Brandenburger Tor 1, Berlin, Germany 10117
907;Debra;Allen;1970-11-20;456 Oak Avenue, Los Angeles, CA 90001
908;Timothy;Miller;1963-11-21;Sagrada Família 401, Barcelona, Spain 08013
909;Nicole;Williams;1986-09-28;Burj Khalifa 1, Dubai, UAE
910;Debra;Smith;1981-06-03;Table Mountain Rd, Cape Town, South Africa 8001
911;Sharon;Flores;1988-12-26;Sagrada Família 401, Barcelona, Spain 08013
912;Samuel;King;1978-07-09;222 Park Avenue, Boston, MA 02101
913;Kevin;Jackson;1981-05-18;666 Ocean Avenue, Miami, FL 33101
914;Larry;Sanchez;1984-04-04;555 Mountain Street, Washington, DC 20001
915;Amy;Martin;1994-01-15;Shibuya Crossing 2, Tokyo, Japan 150-0043
916;Brenda;Lewis;1986-02-19;Piazza San Marco 1, Venice, Italy 30124
917;Jeffrey;Williams;1975-09-26;789 Pine Road, Chicago, IL 60601
918;Daniel;Jones;1978-05-10;Sagrada Família 401, Barcelona, Spain 08013
919;Timothy;Hernandez;1989-08-30;Brandenburger Tor 1, Berlin, Germany 10117
920;Stephanie;Mitchell;1981-10-12;666 Ocean Avenue, Miami, FL 33101
921;Samuel;Garcia;2005-06-07;789 Pine Road, Chicago, IL 60601
922;Rachel;Hall;1974-03-20;987 Cedar Lane, Philadelphia, PA 19101
923;Emma;Lopez;1965-02-24;321 Elm Boulevard, Houston, TX 77001
924;Emma;Moore;1999-02-27;789 Pine Road, Chicago, IL 60601
925;Matthew;Young;2000-02-16;Marina Bay Sands 10, Singapore 018956
926;Kenneth;Harris;1999-06-07;159 Birch Street, San Antonio, TX 78201
927;Nicole;Walker;1964-10-11;Sagrada Família 401, Barcelona, Spain 08013
928;Joshua;Williams;1977-05-28;123 Main Street, New York, NY 10001
929;William;Rivera;1968-05-23;Forbidden City 4, Beijing, China 100006
930;Joshua;Anderson;1996-09-05;333 River Road, Seattle, WA 98101
931;James;Roberts;1979-09-25;123 Main Street, New York, NY 10001
932;Gary;Harris;1987-01-14;Forbidden City 4, Beijing, China 100006
933;Joshua;Thompson;1969-07-20;Forbidden City 4, Beijing, China 100006
934;Joshua;Smith;1964-09-16;Sydney Opera House, Sydney, Australia 2000
935;Amy;Baker;1965-12-17;Red Square 1, Moscow, Russia 109012
936;Karen;Adams;1972-02-15;Sydney Opera House, Sydney, Australia 2000
937;Sandra;Anderson;2002-07-31;Table Mountain Rd, Cape Town, South Africa 8001
938;Raymond;Nelson;1999-08-31;Sagrada Família 401, Barcelona, Spain 08013
939;Matthew;Scott;2002-02-17;864 Palm Drive, San Jose, CA 95101
940;Helen;Ramirez;1998-05-19;Forbidden City 4, Beijing, China 100006
941;Donald;Lopez;1993-04-19;Champs-Élysées 75, Paris, France 75008
942;Rebecca;Davis;1987-02-15;666 Ocean Avenue, Miami, FL 33101
943;Emma;Taylor;2006-03-20;123 Main Street, New York, NY 10001
944;Samantha;Roberts;1964-02-20;789 Pine Road, Chicago, IL 60601
945;Kenneth;Lopez;1983-10-06;Marina Bay Sands 10, Singapore 018956
946;Amanda;King;1983-02-21;Table Mountain Rd, Cape Town, South Africa 8001
947;Raymond;Thomas;2007-02-25;333 River Road, Seattle, WA 98101
948;Elizabeth;Nelson;2001-08-20;789 Pine Road, Chicago, IL 60601
949;Jennifer;Garcia;1968-02-11;753 Willow Avenue, San Diego, CA 92101
950;Sharon;Brown;1961-10-13;654 Maple Drive, Phoenix, AZ 85001
951;Jason;Martin;1964-05-17;Burj Khalifa 1, Dubai, UAE
952;Raymond;Adams;1966-07-02;123 Main Street, New York, NY 10001
953;Janet;Smith;1966-02-03;CN Tower 301, Toronto, Canada M5V 2T6
954;Helen;Garcia;1989-02-28;Forbidden City 4, Beijing, China 100006
955;Samuel;Thompson;1960-12-14;654 Maple Drive, Phoenix, AZ 85001
956;Anna;Thomas;1977-09-04;Copacabana Beach 100, Rio de Janeiro, Brazil 22070-011
957;Michelle;Gonzalez;1999-07-09;789 Pine Road, Chicago, IL 60601
958;David;Flores;1982-11-11;456 Oak Avenue, Los Angeles, CA 90001
959;George;Flores;1992-08-03;Shibuya Crossing 2, Tokyo, Japan 150-0043
960;Janet;Sanchez;1977-11-22;Sydney Opera House, Sydney, Australia 2000
961;Linda;Martin;2003-05-10;Red Square 1, Moscow, Russia 109012
962;Daniel;Torres;1986-11-16;Brandenburger Tor 1, Berlin, Germany 10117
963;Brandon;Sanchez;1979-10-31;Gyeongbokgung Palace 161, Seoul, South Korea 03045
964;Nicholas;Carter;2001-02-12;333 River Road, Seattle, WA 98101
965;Cynthia;Walker;1993-07-20;Piazza San Marco 1, Venice, Italy 30124
966;Kathleen;Perez;1986-01-20;159 Birch Street, San Antonio, TX 78201
967;Brian;Johnson;1976-08-12;987 Cedar Lane, Philadelphia, PA 19101
968;Janet;Wilson;1983-09-12;Red Square 1, Moscow, Russia 109012
969;Gregory;Rivera;1991-10-10;Champs-Élysées 75, Paris, France 75008
970;Cynthia;Flores;1975-09-13;789 Pine Road, Chicago, IL 60601
971;Jack;Moore;1964-03-22;Table Mountain Rd, Cape Town, South Africa 8001
972;John;Williams;1973-01-09;Marina Bay Sands 10, Singapore 018956
973;Ronald;Thompson;2007-04-13;Piazza San Marco 1, Venice, Italy 30124
974;Joshua;Scott;1998-10-20;159 Birch Street, San Antonio, TX 78201
975;Steven;Scott;1982-01-11;Forbidden City 4, Beijing, China 100006
976;Debra;Hernandez;1976-07-14;456 Oak Avenue, Los Angeles, CA 90001
977;Anna;Rodriguez;1978-10-26;Gyeongbokgung Palace 161, Seoul, South Korea 03045
978;Mark;Allen;1980-06-28;Red Square 1, Moscow, Russia 109012
979;Sandra;Scott;1992-02-24;Table Mountain Rd, Cape Town, South Africa 8001
980;Stephen;Jackson;1984-11-06;Piazza San Marco 1, Venice, Italy 30124
981;Jonathan;Green;1984-04-10;Marina Bay Sands 10, Singapore 018956
982;Michelle;Brown;1974-01-12;Marina Bay Sands 10, Singapore 018956
983;Helen;Wilson;1983-12-10;Burj Khalifa 1, Dubai, UAE
984;Ryan;Perez;1972-05-03;987 Cedar Lane, Philadelphia, PA 19101
985;Ryan;Jones;1993-07-07;654 Maple Drive, Phoenix, AZ 85001
986;Anna;Robinson;1969-04-01;Burj Khalifa 1, Dubai, UAE
987;John;Hall;1971-10-12;444 Lake View, Denver, CO 80201
988;Maria;Roberts;1999-09-07;Champs-Élysées 75, Paris, France 75008
989;David;Hernandez;1989-11-07;Burj Khalifa 1, Dubai, UAE
990;Sarah;White;2004-12-11;246 Spruce Road, Dallas, TX 75201
991;Frank;Jones;1979-03-13;Burj Khalifa 1, Dubai, UAE
992;Jessica;Taylor;1987-05-18;555 Mountain Street, Washington, DC 20001
993;Timothy;Flores;1984-09-03;CN Tower 301, Toronto, Canada M5V 2T6
994;Joseph;Hernandez;1997-05-29;Table Mountain Rd, Cape Town, South Africa 8001
995;Betty;Ramirez;2003-03-31;CN Tower 301, Toronto, Canada M5V 2T6
996;Stephen;Johnson;1982-08-08;Gyeongbokgung Palace 161, Seoul, South Korea 03045
997;Alexander;Young;1967-03-10;456 Oak Avenue, Los Angeles, CA 90001
998;Dorothy;Hernandez;1998-09-27;Gyeongbokgung Palace 161, Seoul, South Korea 03045
999;Eric;Jackson;1992-08-07;666 Ocean Avenue, Miami, FL 33101
1000;Christine;Johnson;1991-06-07;654 Maple Drive, Phoenix, AZ 85001
