1;640933;True
2;905092;True
3;501443;True
4;977882;True
5;526890;True
6;446195;True
7;313980;True
8;748426;True
9;268970;True
10;101528;True
11;625024;True
12;177210;True
13;198689;True
14;733125;True
15;525877;True
16;168558;True
17;876977;True
18;956661;True
19;554752;True
20;381728;True
21;836204;True
22;465937;True
23;944171;True
24;791456;True
25;662955;True
26;535919;True
27;912433;True
28;822286;True
29;584922;True
30;251236;True
31;443462;True
32;342520;True
33;639468;True
34;818227;True
35;470909;True
36;395775;True
37;768514;True
38;951037;True
39;395454;True
40;850691;True
41;919018;True
42;189500;True
43;559191;True
44;106270;True
45;839575;True
46;412531;True
47;511421;True
48;955508;True
49;636602;True
50;739548;True
51;187757;True
52;319759;True
53;320330;True
54;430697;True
55;648270;True
56;965577;True
57;878869;True
58;977979;True
59;694076;True
60;884247;True
61;471386;True
62;650336;True
63;743170;True
64;671253;True
65;146168;True
66;640710;True
67;209944;True
68;716820;True
69;288721;True
70;744768;True
71;504639;True
72;784900;True
73;415983;True
74;487854;True
75;568132;True
76;272547;True
77;742598;True
78;245557;True
79;301884;True
80;866348;True
81;220249;True
82;324686;True
83;393298;True
84;953920;True
85;752699;True
86;927735;True
87;729242;True
88;455725;True
89;219887;True
90;384741;True
91;391976;True
92;491385;True
93;220024;True
94;391116;True
95;905621;True
96;206317;True
97;341135;True
98;469181;True
99;285809;True
100;610768;True
101;344542;True
102;571235;True
103;225765;True
104;998907;True
105;551726;True
106;722342;True
107;897669;True
108;302329;True
109;120066;True
110;711542;True
111;994947;True
112;138479;True
113;188751;True
114;266925;True
115;465804;True
116;208208;True
117;494415;True
118;682149;True
119;282674;True
120;157434;True
121;234206;True
122;102494;True
123;822342;True
124;342348;True
125;784378;True
126;573693;True
127;371455;True
128;269869;True
129;989655;True
130;136080;True
131;444877;True
132;812725;True
133;738275;True
134;609655;True
135;246884;True
136;209183;True
137;867384;True
138;604265;True
139;941263;True
140;349232;True
141;272203;True
142;218166;True
143;447457;True
144;952585;True
145;737127;True
146;293551;True
147;871934;True
148;274099;True
149;487722;True
150;129954;True
151;480881;True
152;138114;True
153;589971;True
154;265721;True
155;267828;True
156;246411;True
157;906791;True
158;507408;True
159;547264;True
160;571504;True
161;563899;True
162;437560;True
163;413616;True
164;784240;True
165;662838;True
166;856554;True
167;250391;True
168;358985;True
169;510111;True
170;307284;True
171;353716;True
172;158825;True
173;462028;True
174;616145;True
175;329553;True
176;157123;True
177;707186;True
178;748688;True
179;483357;True
180;392503;True
181;101290;True
182;429537;True
183;776901;True
184;346575;True
185;183239;True
186;505648;True
187;643697;True
188;743738;True
189;709636;True
190;628044;True
191;101910;True
192;378893;True
193;171488;True
194;902697;True
195;958641;True
196;515769;True
197;328229;True
198;679478;True
199;346499;True
200;998605;True
201;514159;True
202;671562;True
203;932667;True
204;853657;True
205;518222;True
206;909461;True
207;565744;True
208;820965;True
209;163800;True
210;362686;True
211;487086;True
212;540445;True
213;482398;True
214;338481;True
215;886335;True
216;259614;True
217;649872;True
218;249559;True
219;933246;True
220;263139;True
221;594160;True
222;229905;True
223;846624;True
224;761642;True
225;435027;True
226;687526;True
227;749715;True
228;172734;True
229;626233;True
230;160568;True
231;836417;True
232;253175;True
233;929769;True
234;878694;True
235;568273;True
236;898020;True
237;686971;True
238;413701;True
239;561117;True
240;344250;True
241;963564;True
242;541986;True
243;826630;True
244;471828;True
245;947367;True
246;171702;True
247;341914;True
248;690900;True
249;166837;True
250;817325;True
251;490075;True
252;902678;True
253;168980;True
254;134994;True
255;964370;True
256;452424;True
257;996071;True
258;731252;True
259;838873;True
260;765734;True
261;632142;True
262;122397;True
263;200726;True
264;617117;True
265;915567;True
266;912523;True
267;858864;True
268;603030;True
269;789236;True
270;323072;True
271;407002;True
272;393143;True
273;404826;True
274;800047;True
275;950536;True
276;516132;True
277;287303;True
278;446185;True
279;654525;True
280;336585;True
281;272429;True
282;109753;True
283;336631;True
284;584328;True
285;809970;True
286;871021;True
287;621386;True
288;984267;True
289;829688;True
290;859835;True
291;282633;True
292;868967;True
293;480270;True
294;627279;True
295;633495;True
296;788086;True
297;758877;True
298;740906;True
299;885482;True
300;305385;True
301;611317;True
302;242097;True
303;597540;True
304;671244;True
305;625368;True
306;838057;True
307;455517;True
308;297685;True
309;186344;True
310;492094;True
311;218221;True
312;272088;True
313;787577;True
314;570996;True
315;272704;True
316;190996;True
317;322963;True
318;252816;True
319;432421;True
320;835451;True
321;627696;True
322;908638;True
323;281582;True
324;696771;True
325;768868;True
326;677176;True
327;935280;True
328;854558;True
329;995766;True
330;934770;True
331;841242;True
332;452143;True
333;436553;True
334;113481;True
335;872630;True
336;641829;True
337;612747;True
338;206986;True
339;644585;True
340;438014;True
341;864529;True
342;874320;True
343;283147;True
344;705654;True
345;712749;True
346;945969;True
347;529332;True
348;273337;True
349;446053;True
350;232056;True
351;251896;True
352;795006;True
353;746446;True
354;215202;True
355;994008;True
356;605598;True
357;770579;True
358;781598;True
359;138896;True
360;418636;True
361;209516;True
362;864568;True
363;650207;True
364;693759;True
365;192465;True
366;395337;True
367;145865;True
368;294068;True
369;193183;True
370;465649;True
371;323641;True
372;987905;True
373;858887;True
374;678150;True
375;585525;True
376;515014;True
377;307090;True
378;528731;True
379;967760;True
380;666870;True
381;226336;True
382;999768;True
383;541845;True
384;155017;True
385;308000;True
386;671982;True
387;655620;True
388;981236;True
389;325611;True
390;259494;True
391;284338;True
392;331472;True
393;496875;True
394;992421;True
395;579814;True
396;373635;True
397;907613;True
398;124959;True
399;940763;True
400;594681;True
401;971655;True
402;747612;True
403;344480;True
404;971685;True
405;465632;True
406;551902;True
407;973719;True
408;564338;True
409;155035;True
410;417998;True
411;343247;True
412;493141;True
413;429779;True
414;761510;True
415;732644;True
416;274481;True
417;703184;True
418;751099;True
419;134563;True
420;575470;True
421;272368;True
422;983785;True
423;632946;True
424;743862;True
425;355382;True
426;939434;True
427;982430;True
428;825837;True
429;724921;True
430;375146;True
431;872909;True
432;401161;True
433;667482;True
434;487491;True
435;706267;True
436;604409;True
437;560237;True
438;448692;True
439;177142;True
440;352729;True
441;863701;True
442;982210;True
443;315284;True
444;775642;True
445;614074;True
446;839954;True
447;726912;True
448;141006;True
449;986855;True
450;483034;True
451;772548;True
452;334590;True
453;631929;True
454;709030;True
455;610980;True
456;451112;True
457;183625;True
458;989127;True
459;304560;True
460;421232;True
461;302317;True
462;478115;True
463;147393;True
464;396306;True
465;955761;True
466;810474;True
467;368491;True
468;377142;True
469;897871;True
470;407496;True
471;951455;True
472;984847;True
473;496405;True
474;997707;True
475;872987;True
476;268057;True
477;734153;True
478;345337;True
479;983739;True
480;899908;True
481;350126;True
482;452330;True
483;610974;True
484;772093;True
485;918601;True
486;630882;True
487;935612;True
488;856130;True
489;892064;True
490;749667;True
491;710767;True
492;389846;True
493;860947;True
494;989852;True
495;685598;True
496;254092;True
497;413844;True
498;751328;True
499;462519;True
500;151748;True
501;485776;True
502;853625;True
503;661595;True
504;523184;True
505;569491;True
506;152613;True
507;959870;True
508;703156;True
509;675460;True
510;215539;True
511;115310;True
512;464375;True
513;617224;True
514;917113;True
515;666010;True
516;359633;True
517;160425;True
518;688149;True
519;599624;True
520;258166;True
521;516745;True
522;951760;True
523;958340;True
524;727536;True
525;269470;True
526;503663;True
527;162211;True
528;802389;True
529;643802;True
530;952395;True
531;666563;True
532;547421;True
533;493510;True
534;481280;True
535;234420;True
536;223612;True
537;176118;True
538;513957;True
539;431045;True
540;471039;True
541;644962;True
542;571326;True
543;468462;True
544;832219;True
545;569333;True
546;538390;True
547;170325;True
548;187210;True
549;700722;True
550;448866;True
551;122507;True
552;745785;True
553;709405;True
554;529171;True
555;242839;True
556;176013;True
557;613210;True
558;303463;True
559;710388;True
560;355765;True
561;572230;True
562;968275;True
563;734470;True
564;943373;True
565;839308;True
566;395613;True
567;526374;True
568;830495;True
569;728786;True
570;123055;True
571;192202;True
572;663423;True
573;620791;True
574;930340;True
575;263776;True
576;652843;True
577;871042;True
578;756210;True
579;619195;True
580;735035;True
581;342440;True
582;974084;True
583;428367;True
584;971965;True
585;347548;True
586;736277;True
587;196506;True
588;631767;True
589;852433;True
590;357357;True
591;523195;True
592;425832;True
593;657601;True
594;627345;True
595;197457;True
596;873813;True
597;379671;True
598;399779;True
599;305124;True
600;395534;True
601;977566;True
602;130221;True
603;289387;True
604;869995;True
605;386237;True
606;531338;True
607;461868;True
608;118852;True
609;765529;True
610;176271;True
611;251934;True
612;688949;True
613;360224;True
614;753945;True
615;364577;True
616;356880;True
617;289836;True
618;725559;True
619;543348;True
620;712333;True
621;617461;True
622;429299;True
623;861895;True
624;582088;True
625;845586;True
626;200684;True
627;255572;True
628;541347;True
629;501085;True
630;591024;True
631;485228;True
632;572683;True
633;448783;True
634;883719;True
635;946142;True
636;794902;True
637;999525;True
638;791175;True
639;935396;True
640;517152;True
641;419007;True
642;362457;True
643;720949;True
644;462720;True
645;229482;True
646;123157;True
647;488801;True
648;970896;True
649;655018;True
650;222500;True
651;500363;True
652;365157;True
653;771756;True
654;171673;True
655;474213;True
656;862998;True
657;611753;True
658;805431;True
659;706587;True
660;584337;True
661;788006;True
662;617820;True
663;978227;True
664;372241;True
665;547460;True
666;800045;True
667;601110;True
668;273377;True
669;925628;True
670;907280;True
671;323906;True
672;626276;True
673;641474;True
674;499254;True
675;183895;True
676;926467;True
677;310795;True
678;922238;True
679;268949;True
680;846361;True
681;197065;True
682;505063;True
683;367648;True
684;404636;True
685;897404;True
686;932466;True
687;214753;True
688;511030;True
689;289335;True
690;537736;True
691;380133;True
692;633153;True
693;301856;True
694;646546;True
695;766381;True
696;374821;True
697;656839;True
698;958651;True
699;286445;True
700;892122;True
701;961036;True
702;736651;True
703;872167;True
704;534687;True
705;715808;True
706;744821;True
707;283013;True
708;358200;True
709;266083;True
710;244638;True
711;111702;True
712;244135;True
713;264038;True
714;303548;True
715;861250;True
716;517592;True
717;877315;True
718;376254;True
719;387022;True
720;895411;True
721;571976;True
722;809087;True
723;507272;True
724;808902;True
725;872350;True
726;110331;True
727;394173;True
728;689916;True
729;777603;True
730;552950;True
731;146334;True
732;811717;True
733;364596;True
734;238936;True
735;337861;True
736;103686;True
737;174127;True
738;883454;True
739;753434;True
740;443574;True
741;772316;True
742;548983;True
743;603161;True
744;683960;True
745;543917;True
746;772029;True
747;391118;True
748;308919;True
749;545617;True
750;183649;True
751;364594;True
752;928203;True
753;688207;True
754;291527;True
755;965997;True
756;792332;True
757;185090;True
758;881945;True
759;571308;True
760;535187;True
761;485111;True
762;300874;True
763;347463;True
764;402803;True
765;276461;True
766;730718;True
767;251564;True
768;407706;True
769;670756;True
770;579473;True
771;895489;True
772;515951;True
773;764113;True
774;423500;True
775;899193;True
776;440987;True
777;966555;True
778;391252;True
779;708815;True
780;845193;True
781;468246;True
782;937619;True
783;610239;True
784;406207;True
785;762426;True
786;807157;True
787;885396;True
788;984824;True
789;406992;True
790;377605;True
791;228322;True
792;362922;True
793;692597;True
794;355401;True
795;993714;True
796;159597;True
797;567966;True
798;573644;True
799;111878;True
800;664051;True
801;758110;True
802;125344;True
803;838472;True
804;482852;True
805;628786;True
806;957749;True
807;411197;True
808;528045;True
809;996453;True
810;160748;True
811;811677;True
812;421542;True
813;130964;True
814;464021;True
815;816930;True
816;349455;True
817;905733;True
818;801394;True
819;734126;True
820;264372;True
821;763507;True
822;666233;True
823;240722;True
824;383490;True
825;729047;True
826;343296;True
827;167003;True
828;694081;True
829;109541;True
830;346771;True
831;858355;True
832;430325;True
833;271323;True
834;969082;True
835;221718;True
836;332479;True
837;269282;True
838;349591;True
839;860099;True
840;465346;True
841;564938;True
842;696977;True
843;312004;True
844;702817;True
845;305996;True
846;879819;True
847;631810;True
848;226345;True
849;908985;True
850;592338;True
851;610321;True
852;256975;True
853;762165;True
854;637811;True
855;104250;True
856;327969;True
857;219014;True
858;963946;True
859;144073;True
860;667182;True
861;473704;True
862;278793;True
863;503267;True
864;771649;True
865;665733;True
866;233333;True
867;418715;True
868;935107;True
869;887188;True
870;236764;True
871;495379;True
872;381155;True
873;525363;True
874;415326;True
875;453404;True
876;285572;True
877;214446;True
878;875214;True
879;742728;True
880;558978;True
881;976244;True
882;326155;True
883;141054;True
884;706088;True
885;836517;True
886;338697;True
887;661092;True
888;651666;True
889;807380;True
890;880732;True
891;750687;True
892;885385;True
893;120020;True
894;531336;True
895;265846;True
896;468395;True
897;651660;True
898;668657;True
899;678919;True
900;849892;True
901;408962;True
902;111117;True
903;481353;True
904;355136;True
905;434971;True
906;570991;True
907;725770;True
908;693044;True
909;520415;True
910;442149;True
911;177444;True
912;388560;True
913;516675;True
914;866572;True
915;741647;True
916;957095;True
917;150674;True
918;644030;True
919;567993;True
920;867558;True
921;388485;True
922;457812;True
923;436610;True
924;413133;True
925;322335;True
926;244212;True
927;450632;True
928;652642;True
929;976332;True
930;799068;True
931;152653;True
932;962150;True
933;589484;True
934;911688;True
935;583523;True
936;531414;True
937;911717;True
938;491736;True
939;324563;True
940;297784;True
941;770377;True
942;843641;True
943;714487;True
944;457241;True
945;772222;True
946;979265;True
947;320590;True
948;315489;True
949;912713;True
950;763290;True
951;744729;True
952;784165;True
953;554670;True
954;640544;True
955;407721;True
956;169330;True
957;233047;True
958;382556;True
959;885492;True
960;971753;True
961;653170;True
962;938052;True
963;451201;True
964;676319;True
965;293069;True
966;958808;True
967;920482;True
968;159392;True
969;378395;True
970;690394;True
971;532818;True
972;698859;True
973;303621;True
974;391951;True
975;581923;True
976;735626;True
977;695038;True
978;632117;True
979;170699;True
980;976379;True
981;840443;True
982;339298;True
983;157995;True
984;739138;True
985;560632;True
986;715492;True
987;129047;True
988;928471;True
989;930479;True
990;179308;True
991;493398;True
992;228532;True
993;182565;True
994;301396;True
995;860737;True
996;563987;True
997;959817;True
998;188094;True
999;277832;True
1000;720301;True
