1;793;Daniel;Robinson;0;4.78;1985-09-24;222 Park Avenue, Boston, MA 02101;3789734823
2;733;Michael;Hernandez;14;3.37;1971-05-31;Forbidden City 4, Beijing, China 100006;1964501280
3;116;Michael;Scott;0;4.67;1991-09-14;Brandenburger Tor 1, Berlin, Germany 10117;662183316
4;127;Debra;Williams;21;4.4;1971-01-14;CN Tower 301, Toronto, Canada M5V 2T6;1534415078
5;447;Nicholas;Brown;48;3.96;2001-04-25;123 Main Street, New York, NY 10001;9180635362
6;385;Eric;Taylor;11;4.18;1966-06-02;246 Spruce Road, Dallas, TX 75201;9103149584
7;837;Samantha;Young;13;4.98;1991-06-15;159 Birch Street, San Antonio, TX 78201;3617637870
8;448;Sharon;Nelson;41;3.43;1998-07-30;456 Oak Avenue, Los Angeles, CA 90001;8456031843
9;209;Steven;Campbell;49;3.32;2001-07-02;159 Birch Street, San Antonio, TX 78201;5924215888
10;4;Susan;Campbell;49;4.15;1986-11-10;444 Lake View, Denver, CO 80201;4065205447
11;864;Timothy;Sanchez;32;3.57;1981-10-23;Taj Mahal, Agra, India 282001;8687375274
12;754;Ashley;Thompson;22;3.31;1966-02-19;Table Mountain Rd, Cape Town, South Africa 8001;7661080457
13;810;Susan;Rivera;21;4.31;1980-12-11;Gyeongbokgung Palace 161, Seoul, South Korea 03045;5268943946
14;144;Gary;Lopez;1;4.55;1977-08-20;Gyeongbokgung Palace 161, Seoul, South Korea 03045;5723040712
15;321;Linda;Williams;15;3.86;1977-11-11;123 Main Street, New York, NY 10001;4235293695
16;410;Justin;Miller;4;4.35;1969-01-22;123 Main Street, New York, NY 10001;7975379851
17;971;Janet;King;32;3.85;1962-11-24;789 Pine Road, Chicago, IL 60601;8754569972
18;500;Thomas;Allen;48;4.96;1988-02-18;123 Main Street, New York, NY 10001;708130005
19;990;Michelle;Green;40;3.68;1992-07-28;Sydney Opera House, Sydney, Australia 2000;2377597192
20;414;Emily;Jackson;17;4.67;1962-09-10;789 Pine Road, Chicago, IL 60601;8579691588
21;561;Kenneth;Carter;33;4.99;1962-11-19;333 River Road, Seattle, WA 98101;1171131355
22;15;Ronald;Garcia;45;3.48;1965-10-07;555 Mountain Street, Washington, DC 20001;6494556274
23;976;Rachel;Gonzalez;28;3.65;1977-03-26;Sagrada Família 401, Barcelona, Spain 08013;6868247748
24;644;James;Jones;42;3.32;1982-08-07;864 Palm Drive, San Jose, CA 95101;6649915044
25;952;Charles;Lee;29;4.47;2002-10-29;666 Ocean Avenue, Miami, FL 33101;4987714492
26;914;Karen;Wright;21;4.76;1964-08-20;CN Tower 301, Toronto, Canada M5V 2T6;9339521102
27;681;Matthew;Lopez;43;3.93;1996-08-21;654 Maple Drive, Phoenix, AZ 85001;8771583993
28;789;Richard;Williams;30;4.42;1987-08-28;222 Park Avenue, Boston, MA 02101;1418742068
29;294;George;Adams;29;3.45;2007-02-27;Piazza San Marco 1, Venice, Italy 30124;4192442630
30;420;Michael;Miller;40;3.14;1972-02-18;Sagrada Família 401, Barcelona, Spain 08013;4959467567
31;353;Samantha;Wilson;37;4.23;2002-05-05;Forbidden City 4, Beijing, China 100006;1578834825
32;752;Rachel;Martin;40;4.42;1992-05-19;222 Park Avenue, Boston, MA 02101;584154235
33;900;Nicole;Lopez;43;4.52;2002-11-12;789 Pine Road, Chicago, IL 60601;8735903380
34;25;Donald;Nelson;5;3.68;1995-10-26;222 Park Avenue, Boston, MA 02101;9106067892
35;288;Steven;Harris;3;3.37;1967-10-06;333 River Road, Seattle, WA 98101;5809717639
36;942;Betty;Hernandez;9;3.98;1979-03-08;CN Tower 301, Toronto, Canada M5V 2T6;6094195792
37;181;Andrew;Taylor;27;4.24;1964-09-18;555 Mountain Street, Washington, DC 20001;6754799400
38;918;Ruth;Wilson;50;3.82;1988-06-26;Sagrada Família 401, Barcelona, Spain 08013;5263039411
39;99;Ronald;Adams;14;3.32;1966-07-05;Burj Khalifa 1, Dubai, UAE;3028115347
40;946;Patrick;Harris;24;4.65;2000-05-20;555 Mountain Street, Washington, DC 20001;5549437281
41;405;Mark;Scott;28;3.29;1974-12-06;666 Ocean Avenue, Miami, FL 33101;4254438366
42;126;Mary;Wright;11;4.21;1961-12-12;Gyeongbokgung Palace 161, Seoul, South Korea 03045;7066152432
43;65;Melissa;White;30;4.34;1987-12-05;Table Mountain Rd, Cape Town, South Africa 8001;9178221280
44;444;Kathleen;Young;13;3.03;2001-09-15;Sagrada Família 401, Barcelona, Spain 08013;7376421899
45;889;Ashley;Perez;14;3.28;1977-03-06;Table Mountain Rd, Cape Town, South Africa 8001;2055016789
46;593;Christopher;Johnson;23;3.58;1971-02-28;666 Ocean Avenue, Miami, FL 33101;6268009820
47;281;Carolyn;Flores;38;3.52;1963-02-11;Gyeongbokgung Palace 161, Seoul, South Korea 03045;8176412626
48;69;Susan;Nguyen;0;4.27;1980-01-23;Brandenburger Tor 1, Berlin, Germany 10117;7902388960
49;323;Donna;Sanchez;8;4.83;1987-03-08;222 Park Avenue, Boston, MA 02101;7750299606
50;205;Justin;Hall;42;4.93;1975-01-22;Table Mountain Rd, Cape Town, South Africa 8001;8023393720
51;712;Cynthia;Campbell;6;4.45;1973-12-09;Shibuya Crossing 2, Tokyo, Japan 150-0043;8068980597
52;878;Ryan;Green;15;4.43;1965-08-16;666 Ocean Avenue, Miami, FL 33101;2075072978
53;86;Michelle;Rivera;1;3.92;1981-01-26;654 Maple Drive, Phoenix, AZ 85001;1526435682
54;852;Paul;Martinez;19;4.92;1968-09-15;666 Ocean Avenue, Miami, FL 33101;6945854283
55;446;Elizabeth;Lee;20;3.83;2006-08-25;444 Lake View, Denver, CO 80201;4623378110
56;801;Michael;Allen;38;4.29;1964-01-10;864 Palm Drive, San Jose, CA 95101;2292027082
57;101;Kimberly;Thomas;16;4.01;1961-01-28;Taj Mahal, Agra, India 282001;1398763371
58;950;Kenneth;Smith;49;3.8;1968-02-20;222 Park Avenue, Boston, MA 02101;2202743554
59;296;Laura;Thompson;24;4.95;1987-01-13;456 Oak Avenue, Los Angeles, CA 90001;6793817580
60;931;Samuel;Torres;21;3.59;1966-07-28;123 Main Street, New York, NY 10001;8958454343
61;471;Sarah;Nelson;13;4.24;1993-01-23;864 Palm Drive, San Jose, CA 95101;9172396270
62;85;Rebecca;Hill;33;4.68;2004-04-20;987 Cedar Lane, Philadelphia, PA 19101;5799029480
63;748;Dorothy;Taylor;15;4.86;1991-04-14;Taj Mahal, Agra, India 282001;4412704341
64;256;Margaret;White;4;4.32;1996-04-02;666 Ocean Avenue, Miami, FL 33101;6440491992
65;3;Gary;Hill;2;4.56;1978-03-25;321 Elm Boulevard, Houston, TX 77001;9172458057
66;165;Angela;Brown;23;4.97;2004-06-17;246 Spruce Road, Dallas, TX 75201;4210088033
67;483;Sarah;Robinson;27;4.16;1999-04-18;Sydney Opera House, Sydney, Australia 2000;2859371145
68;104;Samuel;Moore;3;3.1;1993-01-22;Gyeongbokgung Palace 161, Seoul, South Korea 03045;5671603359
69;604;Barbara;Williams;31;4.86;1986-02-18;666 Ocean Avenue, Miami, FL 33101;7443500098
70;244;Margaret;Young;36;4.58;1963-08-16;Shibuya Crossing 2, Tokyo, Japan 150-0043;3400169385
71;989;Robert;Williams;48;3.21;1993-10-30;666 Ocean Avenue, Miami, FL 33101;1067789958
72;736;Donald;Rodriguez;27;4.83;1966-09-15;Forbidden City 4, Beijing, China 100006;111754444
73;951;Andrew;Taylor;14;3.52;1998-09-27;Marina Bay Sands 10, Singapore 018956;9574612358
74;375;Alexander;Smith;38;3.04;1999-11-26;Shibuya Crossing 2, Tokyo, Japan 150-0043;623742866
75;213;Kenneth;Nguyen;47;4.34;1998-06-03;Shibuya Crossing 2, Tokyo, Japan 150-0043;5684635513
76;489;Jason;Hall;31;4.36;1983-06-01;987 Cedar Lane, Philadelphia, PA 19101;6461184159
77;462;Jack;Hernandez;36;4.22;1972-02-21;Gyeongbokgung Palace 161, Seoul, South Korea 03045;4253080030
78;394;Steven;Wilson;12;4.65;1973-09-24;222 Park Avenue, Boston, MA 02101;1591118724
79;210;Jason;Wilson;25;4.24;1974-03-26;Burj Khalifa 1, Dubai, UAE;2637891264
80;620;Kevin;Campbell;4;5.01;1995-04-18;444 Lake View, Denver, CO 80201;8897780861
81;549;Carolyn;Thompson;8;3.32;1966-04-21;Copacabana Beach 100, Rio de Janeiro, Brazil 22070-011;1030093458
82;452;William;Martinez;50;3.48;1981-04-26;753 Willow Avenue, San Diego, CA 92101;9809736518
83;863;Rebecca;Rivera;13;3.44;1996-04-25;Sydney Opera House, Sydney, Australia 2000;794430689
84;713;Debra;Ramirez;26;3.53;1966-12-29;753 Willow Avenue, San Diego, CA 92101;7621853136
85;214;James;Hall;23;3.59;1994-05-13;987 Cedar Lane, Philadelphia, PA 19101;6531628489
86;231;Kathleen;Gonzalez;26;4.43;2005-11-26;Marina Bay Sands 10, Singapore 018956;3604502974
87;599;Nancy;Hall;43;3.68;1972-12-09;Brandenburger Tor 1, Berlin, Germany 10117;7134387655
88;956;Carol;Garcia;14;3.39;1991-02-27;246 Spruce Road, Dallas, TX 75201;6048364972
89;356;Brian;Jackson;35;4.95;1981-05-04;Piazza San Marco 1, Venice, Italy 30124;7045552954
90;776;Justin;Johnson;44;3.42;1975-12-03;Shibuya Crossing 2, Tokyo, Japan 150-0043;8970220794
91;337;Kenneth;Ramirez;0;5.0;1985-12-12;444 Lake View, Denver, CO 80201;4053385323
92;454;Susan;Martinez;3;3.97;2000-05-14;222 Park Avenue, Boston, MA 02101;7683521699
93;511;Donna;Carter;7;4.1;2004-11-11;246 Spruce Road, Dallas, TX 75201;5037624883
94;458;Pamela;Miller;8;4.79;2000-09-03;Burj Khalifa 1, Dubai, UAE;639386238
95;248;Michelle;Williams;31;3.03;1983-02-19;Champs-Élysées 75, Paris, France 75008;5245763867
96;747;Charles;Walker;18;3.49;2001-07-13;Gyeongbokgung Palace 161, Seoul, South Korea 03045;412420045
97;969;Brian;Jackson;35;3.27;1973-01-26;Taj Mahal, Agra, India 282001;8343660571
98;957;Steven;Lewis;31;3.88;1963-10-27;Red Square 1, Moscow, Russia 109012;1249152231
99;140;Jerry;Anderson;21;3.56;2006-11-09;Sagrada Família 401, Barcelona, Spain 08013;7375463629
100;767;Benjamin;Moore;8;4.18;1992-02-21;321 Elm Boulevard, Houston, TX 77001;5978626290
101;80;Mary;Lee;15;3.86;1968-02-15;CN Tower 301, Toronto, Canada M5V 2T6;4322872845
102;895;Angela;Young;47;4.34;1978-01-07;Sydney Opera House, Sydney, Australia 2000;5225343046
103;815;Jacob;Perez;22;3.78;1969-01-26;555 Mountain Street, Washington, DC 20001;7936215454
104;171;Patrick;Lee;12;4.85;1979-09-30;789 Pine Road, Chicago, IL 60601;2642547034
105;38;Steven;Young;4;3.4;1971-05-31;Piazza San Marco 1, Venice, Italy 30124;9803399800
106;48;William;White;10;4.92;2005-10-14;Shibuya Crossing 2, Tokyo, Japan 150-0043;8955142130
107;460;Patrick;Wilson;0;4.86;1983-11-27;Marina Bay Sands 10, Singapore 018956;4282200224
108;700;Donald;Martin;29;4.55;1961-12-09;Forbidden City 4, Beijing, China 100006;3793241055
109;488;Jack;Young;8;4.79;1998-11-14;Sagrada Família 401, Barcelona, Spain 08013;3227613851
110;376;Emma;Torres;35;4.47;1983-06-05;789 Pine Road, Chicago, IL 60601;5524311966
111;97;Andrew;Johnson;43;4.79;1968-01-20;864 Palm Drive, San Jose, CA 95101;9070814416
112;117;Patricia;Gonzalez;43;4.6;1969-10-02;Sagrada Família 401, Barcelona, Spain 08013;4502135761
113;847;Amanda;Martin;44;3.27;1969-09-30;444 Lake View, Denver, CO 80201;4924291875
114;185;Nancy;King;50;4.9;1993-05-30;Brandenburger Tor 1, Berlin, Germany 10117;6392655358
115;358;Emily;Anderson;42;4.78;1973-08-13;123 Main Street, New York, NY 10001;8974898455
116;882;Gary;Lewis;22;3.8;1984-02-08;Piazza San Marco 1, Venice, Italy 30124;5359867862
117;764;Samantha;Flores;28;3.27;2004-03-24;Copacabana Beach 100, Rio de Janeiro, Brazil 22070-011;8563653934
118;415;Sarah;Miller;25;4.33;1990-04-27;321 Elm Boulevard, Houston, TX 77001;4859268396
119;519;Samantha;Martinez;33;4.01;1990-12-03;666 Ocean Avenue, Miami, FL 33101;3411083288
120;577;George;Campbell;18;4.73;1993-08-15;753 Willow Avenue, San Diego, CA 92101;1370788550
121;390;Michael;Adams;9;4.24;1967-11-08;Red Square 1, Moscow, Russia 109012;3375445881
122;264;Rachel;Taylor;44;4.0;1978-04-24;Piazza San Marco 1, Venice, Italy 30124;5651273139
123;494;Scott;Gonzalez;48;4.51;1971-10-29;Brandenburger Tor 1, Berlin, Germany 10117;9858024205
124;40;Robert;Rivera;34;4.07;1987-08-06;159 Birch Street, San Antonio, TX 78201;3519401713
125;963;Michael;Hall;37;4.28;2002-03-13;Taj Mahal, Agra, India 282001;7248703453
126;182;Anna;Scott;14;4.04;1985-07-14;159 Birch Street, San Antonio, TX 78201;5900069326
127;923;Jessica;Clark;15;4.63;1974-05-05;444 Lake View, Denver, CO 80201;445626121
128;671;Jerry;Johnson;8;3.49;1961-09-04;333 River Road, Seattle, WA 98101;239386436
129;139;Mark;Green;6;4.76;1991-04-08;Brandenburger Tor 1, Berlin, Germany 10117;1355922205
130;730;Mary;Mitchell;25;3.0;1971-09-30;Piazza San Marco 1, Venice, Italy 30124;1836562879
131;406;Betty;Miller;48;4.28;1990-10-07;456 Oak Avenue, Los Angeles, CA 90001;909307694
132;552;Nancy;Hernandez;12;3.12;1985-07-11;Table Mountain Rd, Cape Town, South Africa 8001;1068289661
133;122;Nancy;Hill;27;4.75;1978-08-11;Forbidden City 4, Beijing, China 100006;2245013923
134;404;Brenda;Sanchez;14;4.36;2002-11-30;789 Pine Road, Chicago, IL 60601;5748678062
135;586;Ryan;Miller;39;4.23;2007-06-04;Forbidden City 4, Beijing, China 100006;5619724024
136;267;Brandon;Williams;37;3.85;2004-12-30;Burj Khalifa 1, Dubai, UAE;8968802544
137;455;Timothy;Baker;3;4.83;1976-11-13;666 Ocean Avenue, Miami, FL 33101;4988415633
138;329;Larry;Taylor;24;5.01;1972-04-07;Burj Khalifa 1, Dubai, UAE;2748971799
139;515;Amanda;Jackson;38;4.4;1985-10-27;Sydney Opera House, Sydney, Australia 2000;5391204565
140;215;David;Taylor;11;4.99;2003-09-23;159 Birch Street, San Antonio, TX 78201;9130429403
141;885;Joseph;Johnson;12;4.02;1968-11-15;444 Lake View, Denver, CO 80201;2128234142
142;994;Janet;Davis;27;3.11;1961-12-25;Forbidden City 4, Beijing, China 100006;4117736366
143;634;Gary;Martinez;35;3.39;2001-05-22;321 Elm Boulevard, Houston, TX 77001;118217405
144;906;Paul;Hill;4;3.41;1982-09-19;Sagrada Família 401, Barcelona, Spain 08013;5341458012
145;340;Jack;Taylor;46;4.72;1993-10-02;Forbidden City 4, Beijing, China 100006;2395566857
146;132;Stephanie;Wilson;0;4.36;1978-06-18;Red Square 1, Moscow, Russia 109012;4738522402
147;556;Timothy;Walker;20;4.87;1986-01-15;864 Palm Drive, San Jose, CA 95101;3556229516
148;499;Kathleen;Jackson;14;3.11;1981-07-03;CN Tower 301, Toronto, Canada M5V 2T6;5017874256
149;652;Ronald;Baker;33;3.45;1984-02-08;789 Pine Road, Chicago, IL 60601;6014836430
150;51;Andrew;Miller;44;4.95;1986-07-08;Taj Mahal, Agra, India 282001;7383698759
151;796;Dennis;Walker;32;3.31;1965-12-03;246 Spruce Road, Dallas, TX 75201;9346297723
152;425;Rachel;Nelson;6;4.58;1963-05-13;Forbidden City 4, Beijing, China 100006;9744565455
153;970;Nancy;Garcia;38;4.11;1994-11-01;Shibuya Crossing 2, Tokyo, Japan 150-0043;2706914204
154;490;Joseph;Miller;8;4.78;1987-08-13;Red Square 1, Moscow, Russia 109012;5228035503
155;514;Lisa;Anderson;39;3.75;1983-03-12;333 River Road, Seattle, WA 98101;7185948586
156;62;Anna;Nguyen;19;4.82;1972-07-22;456 Oak Avenue, Los Angeles, CA 90001;9660905335
157;581;Elizabeth;White;48;4.8;1996-06-30;Forbidden City 4, Beijing, China 100006;843359562
158;782;Michael;Brown;26;4.04;2007-04-13;246 Spruce Road, Dallas, TX 75201;7357218643
159;304;George;Mitchell;12;4.49;1992-08-27;Piazza San Marco 1, Venice, Italy 30124;4225272171
160;574;Jack;Williams;49;3.41;1971-01-14;Sagrada Família 401, Barcelona, Spain 08013;5335898159
161;648;Mark;Jones;9;3.77;1973-03-24;333 River Road, Seattle, WA 98101;6221432594
162;559;Jonathan;Roberts;22;4.55;1994-02-22;Forbidden City 4, Beijing, China 100006;6798363255
163;955;Susan;Torres;46;4.66;2002-02-13;Copacabana Beach 100, Rio de Janeiro, Brazil 22070-011;531382139
164;737;Emily;Mitchell;21;3.28;1981-06-13;864 Palm Drive, San Jose, CA 95101;7775018152
165;738;Deborah;Campbell;27;4.47;1996-07-21;Champs-Élysées 75, Paris, France 75008;582848837
166;360;John;Ramirez;10;3.86;1962-10-13;Copacabana Beach 100, Rio de Janeiro, Brazil 22070-011;7491590333
167;760;Anthony;Jackson;20;3.82;2004-07-18;666 Ocean Avenue, Miami, FL 33101;5393134795
168;133;Barbara;Smith;43;3.12;1973-08-31;CN Tower 301, Toronto, Canada M5V 2T6;2085471628
169;262;Carolyn;Young;18;4.47;1979-03-29;555 Mountain Street, Washington, DC 20001;7917768104
170;936;Jacob;Lopez;25;3.99;1977-04-06;123 Main Street, New York, NY 10001;7417246989
171;227;David;Young;15;4.4;1995-08-26;789 Pine Road, Chicago, IL 60601;4619879894
172;177;Janet;Taylor;5;4.37;1976-11-22;Piazza San Marco 1, Venice, Italy 30124;9161972511
173;94;Brenda;Martin;14;4.47;1974-10-04;Sydney Opera House, Sydney, Australia 2000;6852329155
174;580;John;Campbell;16;3.03;1988-01-26;987 Cedar Lane, Philadelphia, PA 19101;4578429355
175;27;Frank;Jones;30;4.52;1990-07-21;444 Lake View, Denver, CO 80201;5453330784
176;735;Larry;Wright;42;3.73;2000-12-10;159 Birch Street, San Antonio, TX 78201;1348014922
177;326;Michelle;Clark;48;4.58;1997-09-27;864 Palm Drive, San Jose, CA 95101;1738862885
178;18;Andrew;Green;21;3.58;1994-08-04;666 Ocean Avenue, Miami, FL 33101;9331987029
179;73;Amy;Rodriguez;14;3.76;1996-04-27;Gyeongbokgung Palace 161, Seoul, South Korea 03045;5540845623
180;229;Stephanie;Ramirez;9;3.28;1973-02-28;654 Maple Drive, Phoenix, AZ 85001;6350574050
181;757;Jacob;Anderson;20;3.31;1980-10-03;789 Pine Road, Chicago, IL 60601;3950682047
182;583;Joshua;Wilson;3;3.51;2007-08-15;456 Oak Avenue, Los Angeles, CA 90001;7224162627
183;661;Andrew;Lee;19;3.27;1981-01-15;456 Oak Avenue, Los Angeles, CA 90001;2827993722
184;762;Dennis;Jones;2;3.02;1986-06-11;987 Cedar Lane, Philadelphia, PA 19101;2013747788
185;822;Carol;Davis;16;3.02;1999-01-30;753 Willow Avenue, San Diego, CA 92101;2715342252
186;16;Ashley;Wright;33;3.2;2006-07-20;444 Lake View, Denver, CO 80201;2163848426
187;943;William;Taylor;39;3.62;1978-10-15;321 Elm Boulevard, Houston, TX 77001;5818313109
188;640;Kimberly;Lewis;6;3.05;1972-09-14;Gyeongbokgung Palace 161, Seoul, South Korea 03045;7665311234
189;981;Angela;Anderson;9;4.93;1997-03-22;123 Main Street, New York, NY 10001;5731235503
190;327;Samantha;Hall;22;3.19;1963-02-26;Piazza San Marco 1, Venice, Italy 30124;7806909765
191;115;Christine;King;49;3.28;1967-08-17;Gyeongbokgung Palace 161, Seoul, South Korea 03045;9696765100
192;699;Christine;Robinson;12;3.83;1993-07-11;Taj Mahal, Agra, India 282001;1119892307
193;919;Sandra;Harris;39;3.72;1982-01-04;246 Spruce Road, Dallas, TX 75201;9619106634
194;456;Rebecca;Miller;37;4.91;2006-02-09;654 Maple Drive, Phoenix, AZ 85001;4346261433
195;600;Margaret;Wilson;10;3.47;2007-01-20;Brandenburger Tor 1, Berlin, Germany 10117;9587175281
196;653;Barbara;Martinez;37;3.14;1998-12-12;Marina Bay Sands 10, Singapore 018956;8214190447
197;164;Scott;Flores;47;4.35;2002-11-04;789 Pine Road, Chicago, IL 60601;6077860265
198;338;Mary;Robinson;33;3.08;1967-10-11;444 Lake View, Denver, CO 80201;7267450779
199;212;Ashley;Jackson;8;3.31;1972-10-15;Gyeongbokgung Palace 161, Seoul, South Korea 03045;7796234655
200;988;Anthony;Anderson;26;3.4;1980-01-09;333 River Road, Seattle, WA 98101;5810059574
201;173;Carol;Martin;47;3.73;1979-01-25;333 River Road, Seattle, WA 98101;3600464375
202;1;William;Jackson;28;4.0;1972-02-26;444 Lake View, Denver, CO 80201;7032460898
203;937;Deborah;Thompson;28;3.33;1985-04-13;123 Main Street, New York, NY 10001;2076939683
204;779;Christine;Perez;10;3.12;1979-12-11;123 Main Street, New York, NY 10001;3209668788
205;758;David;Johnson;18;4.55;1983-02-01;987 Cedar Lane, Philadelphia, PA 19101;3320617511
206;431;Raymond;Moore;12;3.18;1967-07-24;Sagrada Família 401, Barcelona, Spain 08013;1910346938
207;751;Matthew;Rivera;17;4.17;1971-05-14;Taj Mahal, Agra, India 282001;1206636778
208;503;Jennifer;Wilson;25;4.82;1986-11-03;Piazza San Marco 1, Venice, Italy 30124;9669128722
209;396;Richard;Mitchell;4;3.31;1962-02-08;555 Mountain Street, Washington, DC 20001;3154906822
210;986;Jack;Jackson;34;4.93;1991-11-13;Gyeongbokgung Palace 161, Seoul, South Korea 03045;4907484671
211;168;Emily;Allen;40;3.96;1986-03-13;987 Cedar Lane, Philadelphia, PA 19101;7488686224
212;689;Elizabeth;Ramirez;45;3.39;1986-06-15;Sagrada Família 401, Barcelona, Spain 08013;2556249608
213;590;Sharon;Robinson;49;4.77;1977-12-20;Sydney Opera House, Sydney, Australia 2000;3227170230
214;386;Jeffrey;Thomas;15;4.71;1977-06-24;753 Willow Avenue, San Diego, CA 92101;3662441368
215;208;Sandra;Thomas;46;3.89;1970-02-05;Taj Mahal, Agra, India 282001;6795657488
216;193;Jerry;Perez;12;4.78;1963-03-07;Brandenburger Tor 1, Berlin, Germany 10117;1667485834
217;39;Sarah;Clark;31;4.44;2000-09-14;123 Main Street, New York, NY 10001;8094313477
218;707;Kathleen;Mitchell;28;4.96;1995-01-09;666 Ocean Avenue, Miami, FL 33101;8883352287
219;898;Steven;Scott;18;3.18;1963-10-27;123 Main Street, New York, NY 10001;3609337840
220;233;Catherine;Perez;36;4.82;1962-12-01;CN Tower 301, Toronto, Canada M5V 2T6;1455066001
221;278;Michael;Roberts;0;4.73;2002-07-25;Champs-Élysées 75, Paris, France 75008;1967585288
222;153;Deborah;Flores;50;4.62;1979-04-03;333 River Road, Seattle, WA 98101;2776317697
223;283;Eric;Anderson;43;4.63;1992-07-30;222 Park Avenue, Boston, MA 02101;1831748639
224;696;Pamela;Scott;20;4.18;1973-12-18;987 Cedar Lane, Philadelphia, PA 19101;1527489381
225;21;Janet;White;5;4.93;2003-04-24;222 Park Avenue, Boston, MA 02101;5706255631
226;659;David;Wright;21;4.1;1967-10-19;Gyeongbokgung Palace 161, Seoul, South Korea 03045;2095490629
227;530;Amanda;Campbell;23;3.99;1986-05-29;Piazza San Marco 1, Venice, Italy 30124;8141468794
228;207;Jack;Hernandez;9;3.1;1993-08-18;Table Mountain Rd, Cape Town, South Africa 8001;7939332860
229;2;Jessica;Wright;14;3.07;2002-05-10;321 Elm Boulevard, Houston, TX 77001;8145590898
230;47;Amy;Wilson;29;4.98;1993-05-24;Brandenburger Tor 1, Berlin, Germany 10117;2293563065
231;612;Frank;Mitchell;47;3.5;1981-10-14;CN Tower 301, Toronto, Canada M5V 2T6;1293005389
232;66;Joseph;Roberts;11;3.09;1979-03-15;666 Ocean Avenue, Miami, FL 33101;5981742620
233;159;Ruth;Adams;50;3.14;1966-04-15;Marina Bay Sands 10, Singapore 018956;8205994825
234;162;Brian;Lee;4;3.24;1969-04-03;Copacabana Beach 100, Rio de Janeiro, Brazil 22070-011;4532334860
235;266;Jessica;Adams;39;4.97;1995-07-09;456 Oak Avenue, Los Angeles, CA 90001;349554907
236;886;Thomas;Torres;37;4.75;1986-12-27;Taj Mahal, Agra, India 282001;8414054802
237;896;Gregory;Lee;37;3.2;2002-12-20;Table Mountain Rd, Cape Town, South Africa 8001;7604930688
238;287;Katherine;Nelson;48;3.14;1974-06-30;555 Mountain Street, Washington, DC 20001;8693162316
239;246;Laura;Thompson;35;4.99;1967-06-14;Table Mountain Rd, Cape Town, South Africa 8001;4862721455
240;113;Dennis;Young;24;4.35;1995-05-09;Sydney Opera House, Sydney, Australia 2000;7514593151
241;622;Angela;Miller;3;4.22;1991-08-22;222 Park Avenue, Boston, MA 02101;2933525031
242;871;Barbara;Carter;13;4.92;1984-06-17;333 River Road, Seattle, WA 98101;4964713809
243;409;Timothy;Clark;36;4.7;1961-06-30;456 Oak Avenue, Los Angeles, CA 90001;5114835712
244;545;Raymond;Jackson;36;4.3;1983-04-10;Shibuya Crossing 2, Tokyo, Japan 150-0043;1441704813
245;71;Margaret;Johnson;33;4.23;1995-08-16;Shibuya Crossing 2, Tokyo, Japan 150-0043;5305537458
246;343;Christopher;Moore;43;4.32;1981-07-18;Gyeongbokgung Palace 161, Seoul, South Korea 03045;4686921621
247;381;Amy;Johnson;17;3.14;1972-02-20;864 Palm Drive, San Jose, CA 95101;6609167744
248;647;Melissa;Harris;20;3.73;2004-03-01;987 Cedar Lane, Philadelphia, PA 19101;2543688127
249;199;Sarah;Rivera;49;4.08;2003-06-17;333 River Road, Seattle, WA 98101;370502060
250;339;Pamela;Clark;6;3.8;1994-12-22;654 Maple Drive, Phoenix, AZ 85001;4830124903
251;196;Kevin;Flores;27;3.12;1981-01-11;159 Birch Street, San Antonio, TX 78201;1933529231
252;119;Timothy;Jones;30;3.82;1970-03-07;444 Lake View, Denver, CO 80201;8010421652
253;261;Benjamin;Hill;17;4.16;1978-09-13;123 Main Street, New York, NY 10001;9781181563
254;962;Carol;Baker;3;3.3;1984-02-15;123 Main Street, New York, NY 10001;3932834273
255;528;Paul;Walker;24;4.08;1978-03-25;456 Oak Avenue, Los Angeles, CA 90001;9639078835
256;799;Frank;Anderson;32;4.44;1975-01-01;Brandenburger Tor 1, Berlin, Germany 10117;5616736327
257;12;Kathleen;Green;13;4.12;1963-08-29;246 Spruce Road, Dallas, TX 75201;471832561
258;617;Brenda;Torres;18;4.95;1985-12-16;555 Mountain Street, Washington, DC 20001;8776772071
259;572;Charles;Flores;19;3.35;2003-08-28;246 Spruce Road, Dallas, TX 75201;3144572140
260;138;Mary;Johnson;3;4.36;1975-09-07;Sagrada Família 401, Barcelona, Spain 08013;2268912310
261;917;Rebecca;Ramirez;5;4.06;1972-02-03;987 Cedar Lane, Philadelphia, PA 19101;5574089737
262;856;Karen;Taylor;9;4.51;1961-09-28;864 Palm Drive, San Jose, CA 95101;5878070098
263;763;Christopher;Hill;7;4.75;1982-02-28;753 Willow Avenue, San Diego, CA 92101;9676940650
264;639;Jason;Carter;20;4.8;1977-08-12;987 Cedar Lane, Philadelphia, PA 19101;3543963317
265;673;Kenneth;Robinson;6;4.28;1966-04-08;987 Cedar Lane, Philadelphia, PA 19101;8041439984
266;35;Amanda;Torres;39;4.02;1964-06-11;222 Park Avenue, Boston, MA 02101;4231239366
267;619;Steven;Jones;35;4.33;1992-09-13;Burj Khalifa 1, Dubai, UAE;9090869710
268;531;Jeffrey;Roberts;26;4.81;1974-11-30;Red Square 1, Moscow, Russia 109012;7012954847
269;74;Kevin;Campbell;2;4.92;2002-04-27;753 Willow Avenue, San Diego, CA 92101;134510332
270;93;Linda;Scott;41;3.51;1966-06-18;333 River Road, Seattle, WA 98101;8778601401
271;174;Karen;Torres;38;5.01;1992-02-22;321 Elm Boulevard, Houston, TX 77001;7329662323
272;79;Scott;Nelson;0;3.29;1988-12-12;Shibuya Crossing 2, Tokyo, Japan 150-0043;2005043240
273;770;Nicholas;Nguyen;8;3.85;2001-03-23;321 Elm Boulevard, Houston, TX 77001;7595104324
274;24;Richard;Taylor;27;3.36;1977-11-30;444 Lake View, Denver, CO 80201;3088295424
275;319;Brenda;Adams;13;4.54;1978-05-19;456 Oak Avenue, Los Angeles, CA 90001;1258316667
276;331;Rebecca;Smith;42;4.67;1963-07-16;Red Square 1, Moscow, Russia 109012;6303414745
277;498;Thomas;Torres;30;4.98;1992-01-24;333 River Road, Seattle, WA 98101;8857368203
278;660;Katherine;Brown;5;3.75;1966-06-08;Gyeongbokgung Palace 161, Seoul, South Korea 03045;8723958293
279;958;Jonathan;Thomas;17;4.93;1980-02-15;Brandenburger Tor 1, Berlin, Germany 10117;5320696721
280;720;Carolyn;Torres;5;3.65;2005-03-19;789 Pine Road, Chicago, IL 60601;5676480987
281;495;Sarah;Baker;37;3.61;1989-05-18;123 Main Street, New York, NY 10001;8346110900
282;361;Andrew;Thomas;40;4.83;1964-07-18;Table Mountain Rd, Cape Town, South Africa 8001;3131777487
283;355;Kevin;Taylor;28;3.43;2002-05-14;444 Lake View, Denver, CO 80201;6624434577
284;697;Ronald;Clark;20;4.69;1998-12-30;555 Mountain Street, Washington, DC 20001;2682241884
285;595;Anna;Lee;42;4.54;1999-08-11;789 Pine Road, Chicago, IL 60601;6376755671
286;550;Carolyn;Hernandez;23;4.27;1988-02-03;333 River Road, Seattle, WA 98101;5288484719
287;532;Jerry;Adams;27;3.29;1961-09-26;666 Ocean Avenue, Miami, FL 33101;3172645813
288;176;Linda;Garcia;32;3.7;1971-02-12;333 River Road, Seattle, WA 98101;8883185186
289;166;Virginia;Clark;14;4.51;1992-09-13;123 Main Street, New York, NY 10001;1015384822
290;862;Jonathan;Brown;20;4.19;2005-01-04;Marina Bay Sands 10, Singapore 018956;8757168651
291;23;Samantha;White;25;3.47;1974-09-07;Piazza San Marco 1, Venice, Italy 30124;717981157
292;761;Michael;Roberts;13;4.78;1989-02-13;Table Mountain Rd, Cape Town, South Africa 8001;5499899040
293;890;Jack;Martin;3;3.38;1973-02-11;789 Pine Road, Chicago, IL 60601;6071313317
294;740;Deborah;Lewis;41;4.32;1966-10-30;666 Ocean Avenue, Miami, FL 33101;9852124445
295;282;Jerry;Wilson;48;3.15;1996-08-22;987 Cedar Lane, Philadelphia, PA 19101;3234168504
296;823;William;Sanchez;41;4.55;2007-02-01;864 Palm Drive, San Jose, CA 95101;7102455954
297;103;Larry;Perez;26;3.66;1997-05-04;Burj Khalifa 1, Dubai, UAE;5174897912
298;828;Richard;Roberts;41;3.42;1980-06-26;456 Oak Avenue, Los Angeles, CA 90001;3984088530
299;474;Stephen;Roberts;31;3.91;1979-05-19;Taj Mahal, Agra, India 282001;8835329683
300;629;Laura;Scott;19;4.78;1977-10-12;864 Palm Drive, San Jose, CA 95101;1417232162
301;769;Rebecca;Martin;30;4.91;2000-02-11;456 Oak Avenue, Los Angeles, CA 90001;9686326254
302;975;Gary;Lee;24;3.75;1962-06-28;555 Mountain Street, Washington, DC 20001;447353763
303;787;Stephanie;Brown;43;3.89;1966-12-15;864 Palm Drive, San Jose, CA 95101;9431032009
304;901;Jonathan;Anderson;29;4.44;1989-09-19;246 Spruce Road, Dallas, TX 75201;5716880932
305;158;Amanda;Harris;13;3.99;1966-05-12;987 Cedar Lane, Philadelphia, PA 19101;2208643347
306;72;Carol;Robinson;41;4.42;1974-01-02;Shibuya Crossing 2, Tokyo, Japan 150-0043;4232978623
307;491;Michael;Gonzalez;22;3.7;1998-03-09;753 Willow Avenue, San Diego, CA 92101;2366450759
308;884;Patrick;Hill;23;3.58;1968-03-28;CN Tower 301, Toronto, Canada M5V 2T6;118809872
309;875;Raymond;Lee;14;3.88;1977-01-14;444 Lake View, Denver, CO 80201;8826424609
310;953;Samantha;Nelson;33;3.32;2000-06-20;321 Elm Boulevard, Houston, TX 77001;8948202681
311;362;Scott;Adams;8;4.28;1984-01-17;444 Lake View, Denver, CO 80201;2954101426
312;258;Amy;Hall;48;3.12;2006-06-18;123 Main Street, New York, NY 10001;9311306440
313;645;Brian;Lewis;42;3.08;1988-02-13;Piazza San Marco 1, Venice, Italy 30124;4423259501
314;487;Brandon;Anderson;22;4.61;2002-08-16;222 Park Avenue, Boston, MA 02101;2057744742
315;430;Sarah;Hill;38;4.65;2003-06-03;CN Tower 301, Toronto, Canada M5V 2T6;6936632610
316;512;Cynthia;Perez;36;3.37;1976-01-07;753 Willow Avenue, San Diego, CA 92101;7408860136
317;641;Edward;Perez;2;4.88;1974-10-24;Forbidden City 4, Beijing, China 100006;9775865850
318;585;Patricia;Hill;38;3.64;1973-11-26;Taj Mahal, Agra, India 282001;5621483279
319;225;Brian;Perez;14;4.27;1974-06-16;159 Birch Street, San Antonio, TX 78201;9935327436
320;263;Pamela;Campbell;0;4.63;1983-06-29;333 River Road, Seattle, WA 98101;3748589086
321;582;George;Jones;12;4.8;2002-09-27;864 Palm Drive, San Jose, CA 95101;4677650064
322;968;Kimberly;Miller;23;4.34;1988-12-12;864 Palm Drive, San Jose, CA 95101;4539070552
323;189;Donna;King;36;4.18;1969-10-18;CN Tower 301, Toronto, Canada M5V 2T6;4612414754
324;466;Cynthia;Rivera;18;3.28;1987-10-03;333 River Road, Seattle, WA 98101;6891703168
325;786;Sarah;Lee;0;4.59;1997-04-02;159 Birch Street, San Antonio, TX 78201;7499606760
326;606;Catherine;Nelson;42;4.37;1962-12-07;Taj Mahal, Agra, India 282001;6140088572
327;529;Samuel;Hill;30;4.05;1996-03-31;Piazza San Marco 1, Venice, Italy 30124;203384643
328;187;Angela;Rodriguez;1;4.23;2001-01-12;246 Spruce Road, Dallas, TX 75201;6355791812
329;291;Larry;Flores;22;4.6;1974-09-07;Sydney Opera House, Sydney, Australia 2000;3706616604
330;883;Scott;Moore;37;3.89;1979-08-10;321 Elm Boulevard, Houston, TX 77001;2942967052
331;290;Pamela;Torres;43;4.1;1979-10-07;Gyeongbokgung Palace 161, Seoul, South Korea 03045;3369257661
332;45;Carolyn;Flores;24;4.63;1967-05-30;Copacabana Beach 100, Rio de Janeiro, Brazil 22070-011;7320670798
333;5;Daniel;Lewis;44;5.0;2003-03-09;555 Mountain Street, Washington, DC 20001;249116459
334;913;Frank;Clark;33;3.51;1965-09-14;456 Oak Avenue, Los Angeles, CA 90001;4891812828
335;693;Kimberly;Clark;22;4.69;2005-05-08;123 Main Street, New York, NY 10001;3803434001
336;306;Elizabeth;King;42;4.01;1965-11-23;CN Tower 301, Toronto, Canada M5V 2T6;276201316
337;616;Janet;White;1;4.94;1994-05-18;Marina Bay Sands 10, Singapore 018956;1603509741
338;868;Richard;Flores;46;4.9;1982-05-16;Burj Khalifa 1, Dubai, UAE;1384678458
339;724;Charles;Lewis;28;3.42;1974-07-18;Taj Mahal, Agra, India 282001;4464049708
340;995;Melissa;Robinson;12;3.37;1979-01-28;246 Spruce Road, Dallas, TX 75201;2479754149
341;731;Patricia;Hill;34;3.86;1992-12-09;Taj Mahal, Agra, India 282001;250591265
342;392;James;Williams;28;3.9;2004-05-05;246 Spruce Road, Dallas, TX 75201;9217321912
343;743;Karen;Lewis;2;3.28;1975-06-18;333 River Road, Seattle, WA 98101;2351484435
344;230;Laura;Miller;37;3.74;1978-01-19;Shibuya Crossing 2, Tokyo, Japan 150-0043;938184902
345;232;Carolyn;Smith;49;3.33;1991-03-11;Brandenburger Tor 1, Berlin, Germany 10117;757458575
346;867;William;Flores;16;3.53;1981-03-03;333 River Road, Seattle, WA 98101;1920755500
347;701;Raymond;Moore;37;4.61;2006-04-29;Table Mountain Rd, Cape Town, South Africa 8001;2001903102
348;442;Joshua;Martin;1;3.17;1992-01-09;864 Palm Drive, San Jose, CA 95101;3815709919
349;272;Karen;Martinez;20;4.29;1990-11-20;159 Birch Street, San Antonio, TX 78201;8409692418
350;798;Samuel;Moore;14;4.29;1980-03-20;654 Maple Drive, Phoenix, AZ 85001;788703656
351;245;Gary;Scott;44;3.6;1988-01-31;Sagrada Família 401, Barcelona, Spain 08013;4315531271
352;255;Nancy;Nelson;19;3.2;1965-11-04;864 Palm Drive, San Jose, CA 95101;9485861289
353;668;Kimberly;Perez;23;4.01;1991-03-18;Piazza San Marco 1, Venice, Italy 30124;2536443553
354;792;Dennis;Gonzalez;34;3.85;1979-12-02;Brandenburger Tor 1, Berlin, Germany 10117;2514848833
355;295;William;Walker;33;4.29;1990-09-26;Red Square 1, Moscow, Russia 109012;7917264398
356;899;Dorothy;Brown;6;3.23;2000-02-18;444 Lake View, Denver, CO 80201;461895225
357;318;Pamela;Martin;17;3.01;1983-06-05;753 Willow Avenue, San Diego, CA 92101;7574575593
358;578;David;Wright;33;3.23;1974-05-03;Taj Mahal, Agra, India 282001;9214464870
359;64;Jason;Brown;30;4.96;1997-11-09;321 Elm Boulevard, Houston, TX 77001;7578377753
360;429;Alexander;Lee;25;5.0;1974-09-30;123 Main Street, New York, NY 10001;9558730368
361;833;Brenda;Gonzalez;29;3.37;1987-03-25;987 Cedar Lane, Philadelphia, PA 19101;8841770064
362;370;George;Hill;2;3.5;1997-04-21;789 Pine Road, Chicago, IL 60601;7810776034
363;723;Jack;Williams;40;3.63;1995-03-10;222 Park Avenue, Boston, MA 02101;7020806552
364;451;Carol;Jones;43;3.7;2006-04-21;333 River Road, Seattle, WA 98101;9348256444
365;527;Brenda;Garcia;49;4.91;1982-04-08;Sydney Opera House, Sydney, Australia 2000;6940413634
366;221;Samantha;Garcia;5;4.76;1992-09-06;333 River Road, Seattle, WA 98101;8402027825
367;6;Elizabeth;Torres;41;3.52;2004-03-27;456 Oak Avenue, Los Angeles, CA 90001;2492445059
368;336;Thomas;Scott;40;3.24;2005-02-19;666 Ocean Avenue, Miami, FL 33101;9869785797
369;46;George;Adams;47;4.47;1976-02-14;Piazza San Marco 1, Venice, Italy 30124;9791975862
370;107;Gary;Walker;14;3.99;1996-05-25;444 Lake View, Denver, CO 80201;2745568127
371;292;Jennifer;Moore;41;4.12;1992-12-17;Burj Khalifa 1, Dubai, UAE;4284825728
372;555;Janet;Martinez;4;4.4;1987-06-20;Gyeongbokgung Palace 161, Seoul, South Korea 03045;8293269387
373;949;Patrick;Martinez;39;3.22;1999-10-16;444 Lake View, Denver, CO 80201;2858591853
374;465;Stephen;Hernandez;50;4.41;1984-03-15;555 Mountain Street, Washington, DC 20001;9104831839
375;449;Cynthia;Carter;5;3.32;1980-06-01;456 Oak Avenue, Los Angeles, CA 90001;8987506287
376;179;Karen;King;39;3.7;1982-05-30;Gyeongbokgung Palace 161, Seoul, South Korea 03045;7683376494
377;257;Justin;Torres;22;4.54;2005-06-14;Champs-Élysées 75, Paris, France 75008;7831132262
378;459;Sarah;Ramirez;23;3.47;2005-02-07;Taj Mahal, Agra, India 282001;7450739678
379;190;Gregory;Smith;49;3.52;1965-12-05;Copacabana Beach 100, Rio de Janeiro, Brazil 22070-011;2755624770
380;274;Timothy;Torres;43;3.92;1994-02-04;Gyeongbokgung Palace 161, Seoul, South Korea 03045;6809043593
381;34;Mary;Rivera;18;3.92;1998-10-08;789 Pine Road, Chicago, IL 60601;8362318752
382;631;Larry;Roberts;49;3.01;1976-03-14;Piazza San Marco 1, Venice, Italy 30124;3684583640
383;436;Sarah;Wilson;50;4.84;1978-09-12;Red Square 1, Moscow, Russia 109012;7228427705
384;502;Andrew;Nguyen;28;3.38;1998-12-17;555 Mountain Street, Washington, DC 20001;3211365112
385;745;Daniel;Lopez;8;3.31;1977-02-11;Taj Mahal, Agra, India 282001;3514007472
386;60;Debra;Wilson;15;3.51;1969-06-09;Shibuya Crossing 2, Tokyo, Japan 150-0043;8703634845
387;19;Paul;Scott;27;4.31;1964-05-01;123 Main Street, New York, NY 10001;2881869705
388;492;Stephanie;Miller;35;3.31;1960-11-26;Burj Khalifa 1, Dubai, UAE;5969997306
389;469;Thomas;Mitchell;15;4.98;1987-04-25;Champs-Élysées 75, Paris, France 75008;9795502243
390;608;Paul;Gonzalez;41;4.19;1998-03-07;666 Ocean Avenue, Miami, FL 33101;5813544712
391;839;Gary;Martin;43;4.62;2004-11-23;Copacabana Beach 100, Rio de Janeiro, Brazil 22070-011;5888567435
392;677;Emma;Anderson;26;4.35;1986-03-29;123 Main Street, New York, NY 10001;933594682
393;718;Jessica;Hill;47;3.04;1983-08-13;Forbidden City 4, Beijing, China 100006;404031242
394;534;David;Roberts;45;3.17;1980-05-22;987 Cedar Lane, Philadelphia, PA 19101;9808910137
395;84;Linda;Nelson;17;4.06;1991-05-20;333 River Road, Seattle, WA 98101;8636736538
396;746;Sandra;Nelson;16;3.48;1982-07-14;Gyeongbokgung Palace 161, Seoul, South Korea 03045;8331646675
397;607;Pamela;Nelson;12;3.83;1999-11-23;222 Park Avenue, Boston, MA 02101;4916726017
398;476;Jason;Hall;34;4.31;1961-04-16;987 Cedar Lane, Philadelphia, PA 19101;9512220559
399;954;Brandon;Johnson;6;4.98;1980-09-23;Piazza San Marco 1, Venice, Italy 30124;1399382499
400;803;Barbara;Wilson;45;4.9;1999-12-23;753 Willow Avenue, San Diego, CA 92101;1036652250
401;907;Catherine;Rivera;32;3.39;1998-09-19;Gyeongbokgung Palace 161, Seoul, South Korea 03045;8830787137
402;247;Kenneth;Lopez;26;4.11;1965-04-21;Taj Mahal, Agra, India 282001;6327451370
403;915;Karen;Green;46;4.92;1966-09-04;Forbidden City 4, Beijing, China 100006;8166842319
404;656;Elizabeth;Jones;38;4.56;2005-12-17;Taj Mahal, Agra, India 282001;8415766195
405;1000;Melissa;Walker;28;4.11;1980-03-28;CN Tower 301, Toronto, Canada M5V 2T6;5618391346
406;927;Scott;Adams;16;4.17;1962-09-01;654 Maple Drive, Phoenix, AZ 85001;1029057281
407;997;Kathleen;Johnson;13;3.91;1994-06-20;864 Palm Drive, San Jose, CA 95101;6522621586
408;825;Richard;Lopez;33;3.89;1983-03-02;321 Elm Boulevard, Houston, TX 77001;5633116243
409;226;Donna;Allen;9;4.48;1971-09-25;753 Willow Avenue, San Diego, CA 92101;6406395106
410;771;Timothy;Thomas;13;3.44;2000-03-24;Red Square 1, Moscow, Russia 109012;6993202290
411;41;Maria;Robinson;12;3.95;1961-04-08;Taj Mahal, Agra, India 282001;1859389890
412;933;Carol;Jones;12;4.08;1988-11-29;321 Elm Boulevard, Houston, TX 77001;6538838168
413;834;Patricia;Allen;43;4.69;1986-06-03;Gyeongbokgung Palace 161, Seoul, South Korea 03045;3447850688
414;151;Donald;Jones;40;4.08;2006-11-20;Sydney Opera House, Sydney, Australia 2000;923001979
415;275;Scott;Jones;11;4.47;2004-02-08;444 Lake View, Denver, CO 80201;9762157698
416;129;Raymond;Clark;9;4.52;1979-02-28;Table Mountain Rd, Cape Town, South Africa 8001;6040713681
417;217;Ronald;Hernandez;33;3.35;1981-06-05;654 Maple Drive, Phoenix, AZ 85001;9726803306
418;417;Dennis;Torres;26;3.03;1975-08-28;654 Maple Drive, Phoenix, AZ 85001;5743855149
419;891;Margaret;Davis;33;4.45;2001-05-18;456 Oak Avenue, Los Angeles, CA 90001;3391390511
420;536;Cynthia;Martinez;27;3.73;1994-07-07;Burj Khalifa 1, Dubai, UAE;9616707918
421;589;Emily;Walker;41;3.36;1968-12-29;333 River Road, Seattle, WA 98101;7730327760
422;945;Edward;Jones;7;4.44;1972-03-13;Marina Bay Sands 10, Singapore 018956;1862265528
423;655;Timothy;Jackson;7;3.65;1998-06-13;Copacabana Beach 100, Rio de Janeiro, Brazil 22070-011;2312516823
424;643;Virginia;Roberts;33;3.86;1975-09-11;666 Ocean Avenue, Miami, FL 33101;2976116612
425;654;George;Gonzalez;8;4.35;2003-05-15;Gyeongbokgung Palace 161, Seoul, South Korea 03045;3321671340
426;32;Carol;Gonzalez;40;4.71;1969-08-16;987 Cedar Lane, Philadelphia, PA 19101;8239319038
427;310;Steven;Campbell;39;3.84;1986-05-06;753 Willow Avenue, San Diego, CA 92101;8461726388
428;685;George;Martin;34;3.45;1993-01-06;666 Ocean Avenue, Miami, FL 33101;2444904416
429;551;Thomas;Hill;26;4.28;2002-05-02;Burj Khalifa 1, Dubai, UAE;4883362610
430;371;Gary;Thomas;41;4.38;1975-10-16;444 Lake View, Denver, CO 80201;8866222091
431;638;Scott;Young;8;4.42;1969-01-18;Sydney Opera House, Sydney, Australia 2000;9611212687
432;433;Sharon;Flores;21;4.57;1991-05-26;123 Main Street, New York, NY 10001;6813465160
433;398;Donna;Hall;45;4.03;1993-06-25;159 Birch Street, San Antonio, TX 78201;544982254
434;136;Kathleen;Anderson;47;4.04;1999-11-25;Forbidden City 4, Beijing, China 100006;6456635434
435;691;Elizabeth;Jones;11;3.16;1978-10-16;Copacabana Beach 100, Rio de Janeiro, Brazil 22070-011;9589310871
436;594;Carol;Torres;4;4.65;1985-07-31;789 Pine Road, Chicago, IL 60601;8501842597
437;978;Ruth;Hernandez;48;4.31;1991-05-27;333 River Road, Seattle, WA 98101;2483070777
438;497;Jerry;Mitchell;39;4.55;2004-07-01;246 Spruce Road, Dallas, TX 75201;9364725475
439;820;Amanda;Sanchez;45;4.88;2005-08-15;Shibuya Crossing 2, Tokyo, Japan 150-0043;5742479773
440;277;Carol;Moore;11;4.41;1970-12-03;Sagrada Família 401, Barcelona, Spain 08013;1209887445
441;330;Paul;Robinson;29;4.24;1993-06-30;123 Main Street, New York, NY 10001;8835260339
442;893;Kevin;Nelson;47;4.24;1972-03-02;555 Mountain Street, Washington, DC 20001;8333905257
443;413;Eric;Mitchell;25;4.99;1981-09-06;333 River Road, Seattle, WA 98101;3725497985
444;268;Nicholas;Nelson;43;3.11;2004-12-05;Burj Khalifa 1, Dubai, UAE;7590952710
445;909;Michael;Lee;47;3.36;1972-04-04;666 Ocean Avenue, Miami, FL 33101;919280272
446;610;Steven;Harris;39;4.48;2003-04-01;222 Park Avenue, Boston, MA 02101;3680577410
447;345;Matthew;Flores;40;3.43;1985-11-28;Marina Bay Sands 10, Singapore 018956;3543077596
448;374;Larry;Thompson;3;3.17;2006-12-06;Burj Khalifa 1, Dubai, UAE;8048807712
449;749;Daniel;Carter;24;3.53;2003-06-07;666 Ocean Avenue, Miami, FL 33101;7984627931
450;935;Justin;Thomas;47;3.18;1980-06-07;Shibuya Crossing 2, Tokyo, Japan 150-0043;347531784
451;744;James;Nelson;16;4.43;1979-12-14;Copacabana Beach 100, Rio de Janeiro, Brazil 22070-011;9015788546
452;714;Elizabeth;Young;18;3.44;1994-04-17;222 Park Avenue, Boston, MA 02101;6642165892
453;684;Michelle;Wright;42;4.91;2005-12-06;987 Cedar Lane, Philadelphia, PA 19101;2283490872
454;993;Dorothy;Williams;12;3.37;2001-09-08;Copacabana Beach 100, Rio de Janeiro, Brazil 22070-011;187488566
455;92;Carolyn;Adams;41;3.61;1979-05-16;333 River Road, Seattle, WA 98101;9079829717
456;276;Kimberly;Davis;15;3.36;2004-03-01;123 Main Street, New York, NY 10001;3683238945
457;480;Sarah;Walker;17;4.31;1969-02-02;246 Spruce Road, Dallas, TX 75201;2500439288
458;28;Pamela;Brown;42;3.28;1994-10-26;Marina Bay Sands 10, Singapore 018956;7736278466
459;259;Laura;Martin;47;4.2;1984-05-15;Gyeongbokgung Palace 161, Seoul, South Korea 03045;8275763857
460;753;Carolyn;Robinson;26;3.76;1980-12-04;Gyeongbokgung Palace 161, Seoul, South Korea 03045;845990415
461;235;Ruth;Scott;33;4.51;1996-08-22;Gyeongbokgung Palace 161, Seoul, South Korea 03045;4307258065
462;853;Kathleen;Walker;37;3.36;2002-03-02;555 Mountain Street, Washington, DC 20001;1864616071
463;473;Rebecca;Young;25;3.78;1980-09-03;Champs-Élysées 75, Paris, France 75008;1244275107
464;383;Mark;Jones;29;4.72;1996-06-03;Copacabana Beach 100, Rio de Janeiro, Brazil 22070-011;1523665346
465;513;Joseph;Baker;33;4.85;1966-10-03;Gyeongbokgung Palace 161, Seoul, South Korea 03045;521602431
466;67;Jonathan;Anderson;31;3.04;1964-10-13;Sagrada Família 401, Barcelona, Spain 08013;1564465058
467;987;Mark;Carter;15;3.5;1972-08-04;222 Park Avenue, Boston, MA 02101;4094411551
468;68;Donald;Clark;14;3.28;1966-09-08;Table Mountain Rd, Cape Town, South Africa 8001;2982796758
469;61;Donna;Torres;35;4.19;1996-07-14;Table Mountain Rd, Cape Town, South Africa 8001;9837542386
470;77;Gregory;Lewis;5;3.05;1982-05-01;Sagrada Família 401, Barcelona, Spain 08013;2381188987
471;175;Margaret;Rodriguez;16;4.08;1997-09-10;Brandenburger Tor 1, Berlin, Germany 10117;3779854108
472;163;David;Nelson;48;4.67;1996-01-26;Taj Mahal, Agra, India 282001;2479241489
473;542;Samantha;Young;12;4.83;2000-03-26;753 Willow Avenue, San Diego, CA 92101;6515735961
474;365;Angela;White;24;4.17;1967-01-27;Sagrada Família 401, Barcelona, Spain 08013;4517833821
475;812;Linda;Thomas;34;3.05;1977-09-21;246 Spruce Road, Dallas, TX 75201;1542911894
476;535;Sharon;Moore;2;3.5;2002-12-25;Champs-Élysées 75, Paris, France 75008;7023166764
477;367;Lisa;Walker;1;3.57;2002-08-04;555 Mountain Street, Washington, DC 20001;326222811
478;959;Deborah;Harris;31;4.85;1970-12-31;555 Mountain Street, Washington, DC 20001;6240782057
479;441;Ruth;Lewis;49;4.05;1969-01-15;456 Oak Avenue, Los Angeles, CA 90001;9562101224
480;985;Jeffrey;Torres;4;4.63;1993-12-14;666 Ocean Avenue, Miami, FL 33101;2717220448
481;739;Nicholas;Johnson;9;4.94;1995-07-03;444 Lake View, Denver, CO 80201;9582564075
482;830;Elizabeth;Thomas;40;4.58;1973-05-16;123 Main Street, New York, NY 10001;9988709202
483;195;Amy;Lopez;2;4.45;1966-07-11;654 Maple Drive, Phoenix, AZ 85001;9009266974
484;603;Emma;Lopez;0;3.93;1980-05-27;Brandenburger Tor 1, Berlin, Germany 10117;9636933607
485;201;Michael;Ramirez;14;3.47;2000-03-19;Marina Bay Sands 10, Singapore 018956;8448510941
486;134;Nancy;Mitchell;43;4.0;1964-10-20;246 Spruce Road, Dallas, TX 75201;5834759557
487;472;Thomas;Wilson;21;3.0;2000-03-22;159 Birch Street, San Antonio, TX 78201;8818281344
488;55;Gary;Robinson;20;3.53;2002-09-17;Champs-Élysées 75, Paris, France 75008;6598414263
489;105;Nicole;Lee;1;3.82;1993-04-27;555 Mountain Street, Washington, DC 20001;5773607783
490;293;Margaret;Smith;47;4.26;1975-02-07;Forbidden City 4, Beijing, China 100006;4778673891
491;734;Matthew;Miller;0;4.71;1980-06-12;444 Lake View, Denver, CO 80201;6820626361
492;13;Katherine;White;6;4.29;2005-01-01;123 Main Street, New York, NY 10001;9343240988
493;821;Benjamin;Martinez;1;3.32;1974-05-19;444 Lake View, Denver, CO 80201;8249345894
494;568;Katherine;Wilson;20;4.24;1989-04-15;Brandenburger Tor 1, Berlin, Germany 10117;3072825791
495;910;Anna;Walker;18;4.77;2001-07-08;Brandenburger Tor 1, Berlin, Germany 10117;871499331
496;81;Matthew;Rivera;38;4.34;1962-12-14;CN Tower 301, Toronto, Canada M5V 2T6;639398763
497;826;Joseph;Clark;36;3.14;2003-11-14;864 Palm Drive, San Jose, CA 95101;3949762599
498;628;Daniel;White;28;4.4;1974-02-17;321 Elm Boulevard, Houston, TX 77001;6542667864
499;960;Frank;Wright;0;4.79;1989-01-14;222 Park Avenue, Boston, MA 02101;1588108493
500;929;Melissa;Gonzalez;50;3.29;1993-07-27;Shibuya Crossing 2, Tokyo, Japan 150-0043;620864953
501;564;Anna;Baker;14;4.54;1996-05-11;456 Oak Avenue, Los Angeles, CA 90001;8626899969
502;680;Stephen;Anderson;3;4.28;1971-01-05;Marina Bay Sands 10, Singapore 018956;6418816666
503;845;William;White;47;3.03;1977-04-24;Brandenburger Tor 1, Berlin, Germany 10117;2354239797
504;547;Maria;Perez;15;4.91;1976-07-14;Shibuya Crossing 2, Tokyo, Japan 150-0043;1413390616
505;242;Sandra;Miller;20;3.65;2002-10-31;Burj Khalifa 1, Dubai, UAE;1306541952
506;726;Sarah;Wright;28;4.54;2003-11-05;555 Mountain Street, Washington, DC 20001;1567522607
507;965;Angela;Wright;12;3.15;1990-09-23;Marina Bay Sands 10, Singapore 018956;1730697002
508;777;Deborah;White;37;3.22;1971-02-20;Gyeongbokgung Palace 161, Seoul, South Korea 03045;2069751643
509;517;Sarah;Davis;0;4.7;1995-05-18;Shibuya Crossing 2, Tokyo, Japan 150-0043;2755593671
510;858;Paul;Wilson;40;4.47;1978-11-14;321 Elm Boulevard, Houston, TX 77001;2281029692
511;332;Kathleen;Gonzalez;14;5.0;1998-01-25;Gyeongbokgung Palace 161, Seoul, South Korea 03045;9713756028
512;576;Jennifer;Green;43;3.5;1999-07-30;666 Ocean Avenue, Miami, FL 33101;8986185873
513;427;Maria;Sanchez;9;4.14;1966-08-25;Piazza San Marco 1, Venice, Italy 30124;8627550768
514;702;Emma;Smith;8;3.56;1961-01-24;Sydney Opera House, Sydney, Australia 2000;8416413847
515;642;Thomas;Taylor;4;3.19;1971-05-30;Sagrada Família 401, Barcelona, Spain 08013;8085441996
516;939;Eric;Allen;32;3.13;1979-10-06;Taj Mahal, Agra, India 282001;8221938913
517;565;Raymond;Flores;50;4.89;1960-11-17;666 Ocean Avenue, Miami, FL 33101;3559016917
518;493;Justin;Roberts;7;4.14;1968-03-19;Gyeongbokgung Palace 161, Seoul, South Korea 03045;5593209277
519;537;Nicholas;Hall;13;4.85;1974-08-31;CN Tower 301, Toronto, Canada M5V 2T6;7497465577
520;598;Ashley;Harris;5;4.45;1963-10-24;555 Mountain Street, Washington, DC 20001;7785065019
521;149;Katherine;Jones;18;3.94;1961-07-09;246 Spruce Road, Dallas, TX 75201;178006892
522;9;Edward;Carter;19;4.27;1991-10-20;Champs-Élysées 75, Paris, France 75008;4730514336
523;220;Daniel;Lewis;33;4.91;1985-03-09;Champs-Élysées 75, Paris, France 75008;2263156932
524;470;Anthony;Baker;21;4.33;1967-07-16;456 Oak Avenue, Los Angeles, CA 90001;1065021828
525;52;Larry;Rivera;37;4.27;1974-11-05;333 River Road, Seattle, WA 98101;4155277717
526;674;Margaret;Williams;48;3.54;1990-02-21;Marina Bay Sands 10, Singapore 018956;1580565728
527;298;Linda;Martin;36;4.62;1995-04-07;Forbidden City 4, Beijing, China 100006;7258093103
528;765;Patricia;Hernandez;7;3.27;2006-01-01;123 Main Street, New York, NY 10001;4405044321
529;481;Stephen;Wright;26;4.84;2003-01-31;Table Mountain Rd, Cape Town, South Africa 8001;4435028472
530;342;Joshua;Green;31;4.03;1978-03-08;Sagrada Família 401, Barcelona, Spain 08013;2319719968
531;341;Nicholas;Garcia;16;3.6;1982-12-03;246 Spruce Road, Dallas, TX 75201;1387267489
532;516;Kimberly;Hill;42;3.12;1996-09-16;CN Tower 301, Toronto, Canada M5V 2T6;8350277671
533;686;Ashley;Garcia;24;3.44;1961-05-02;Piazza San Marco 1, Venice, Italy 30124;1187898683
534;579;Samantha;Flores;33;3.73;1967-08-12;Copacabana Beach 100, Rio de Janeiro, Brazil 22070-011;7646276210
535;238;Melissa;Roberts;29;4.04;1961-02-24;Gyeongbokgung Palace 161, Seoul, South Korea 03045;3250369196
536;881;Stephen;Torres;12;4.48;2003-01-22;Shibuya Crossing 2, Tokyo, Japan 150-0043;8648778920
537;611;Linda;Wright;39;3.16;2001-10-16;246 Spruce Road, Dallas, TX 75201;4869441059
538;698;Kathleen;Nguyen;40;4.09;1966-03-19;123 Main Street, New York, NY 10001;8515096890
539;756;Dorothy;Roberts;24;3.93;1998-12-14;Sydney Opera House, Sydney, Australia 2000;8513996449
540;382;Matthew;Robinson;18;4.81;1992-01-31;Brandenburger Tor 1, Berlin, Germany 10117;3913456008
541;418;Brandon;Walker;24;3.25;1963-11-18;Sydney Opera House, Sydney, Australia 2000;4193163892
542;211;Barbara;Rodriguez;17;4.92;2001-12-31;Piazza San Marco 1, Venice, Italy 30124;9061772853
543;566;Samuel;Jackson;17;3.94;1986-03-01;Red Square 1, Moscow, Russia 109012;8154131841
544;416;William;Wilson;14;4.5;1961-03-13;555 Mountain Street, Washington, DC 20001;2337624171
545;928;Raymond;Clark;22;4.55;1994-10-08;789 Pine Road, Chicago, IL 60601;1134671815
546;711;Robert;Lopez;9;3.71;1994-04-28;987 Cedar Lane, Philadelphia, PA 19101;2901781293
547;202;Christine;Green;0;4.64;1973-02-19;Taj Mahal, Agra, India 282001;2893242522
548;112;Linda;Sanchez;7;3.17;1963-05-23;Brandenburger Tor 1, Berlin, Germany 10117;230273623
549;682;Brenda;Campbell;1;4.27;1980-10-25;222 Park Avenue, Boston, MA 02101;8461673467
550;979;Jerry;Allen;43;4.41;1970-05-22;555 Mountain Street, Washington, DC 20001;2787765890
551;879;Barbara;Flores;30;4.63;1995-02-05;987 Cedar Lane, Philadelphia, PA 19101;8281331316
552;241;Deborah;Lewis;16;4.14;1965-09-17;Red Square 1, Moscow, Russia 109012;3222057693
553;719;Ruth;Wright;9;3.82;1977-08-28;321 Elm Boulevard, Houston, TX 77001;3318146397
554;236;Jack;Mitchell;33;3.13;1995-05-19;Taj Mahal, Agra, India 282001;2291764665
555;824;Rachel;Robinson;47;3.53;2002-08-13;444 Lake View, Denver, CO 80201;9228520633
556;152;Angela;Jackson;20;3.23;1963-08-23;Shibuya Crossing 2, Tokyo, Japan 150-0043;3856567545
557;422;Kimberly;Moore;24;4.87;1971-08-07;159 Birch Street, San Antonio, TX 78201;743041628
558;204;Jessica;Sanchez;3;3.07;1982-11-24;Sydney Opera House, Sydney, Australia 2000;6390781017
559;424;Frank;Perez;49;4.57;1988-11-03;864 Palm Drive, San Jose, CA 95101;590234752
560;279;Gary;Nguyen;25;4.87;2002-05-22;CN Tower 301, Toronto, Canada M5V 2T6;1172932923
561;926;Raymond;Mitchell;28;3.05;1984-01-10;Piazza San Marco 1, Venice, Italy 30124;3205646081
562;265;Edward;Johnson;6;4.12;1962-12-11;222 Park Avenue, Boston, MA 02101;5665933849
563;678;Jason;Perez;41;4.44;1982-09-04;333 River Road, Seattle, WA 98101;8150694621
564;368;Joshua;Allen;11;3.91;1979-09-19;789 Pine Road, Chicago, IL 60601;6050136837
565;665;Amy;Baker;19;3.84;1993-12-24;456 Oak Avenue, Los Angeles, CA 90001;8893545158
566;894;Joshua;Perez;10;4.03;1982-04-09;666 Ocean Avenue, Miami, FL 33101;2810402659
567;924;Jeffrey;Miller;44;4.87;1963-09-19;Champs-Élysées 75, Paris, France 75008;7083519453
568;428;Kevin;Lewis;25;4.17;1960-11-03;Sydney Opera House, Sydney, Australia 2000;5128308223
569;387;Ronald;Anderson;29;3.5;1993-05-17;Marina Bay Sands 10, Singapore 018956;6781869175
570;98;Christine;Robinson;24;3.74;1966-04-20;Brandenburger Tor 1, Berlin, Germany 10117;3064816938
571;20;Justin;Nelson;40;4.51;1986-12-24;Red Square 1, Moscow, Russia 109012;8411555860
572;811;Charles;Hernandez;38;4.03;1981-06-03;789 Pine Road, Chicago, IL 60601;7241718559
573;710;Rebecca;Baker;28;4.84;1985-07-04;Sagrada Família 401, Barcelona, Spain 08013;6447816523
574;533;Patrick;Nelson;35;4.47;2005-12-27;Red Square 1, Moscow, Russia 109012;4343138663
575;903;Sharon;Flores;29;4.4;1995-01-06;Piazza San Marco 1, Venice, Italy 30124;7531072163
576;873;Thomas;Roberts;38;3.53;1979-02-05;444 Lake View, Denver, CO 80201;7581109019
577;657;Angela;Lewis;47;3.45;1965-03-10;Champs-Élysées 75, Paris, France 75008;5265638873
578;996;Angela;King;37;4.87;2005-02-01;Brandenburger Tor 1, Berlin, Germany 10117;4486644743
579;920;Patrick;King;21;3.21;1995-05-08;159 Birch Street, San Antonio, TX 78201;7147052733
580;902;Pamela;Adams;44;4.05;2007-08-29;222 Park Avenue, Boston, MA 02101;1915713145
581;618;Christine;Thompson;40;4.35;1972-10-27;Shibuya Crossing 2, Tokyo, Japan 150-0043;7774443546
582;346;Lisa;Martin;39;4.71;1975-07-29;333 River Road, Seattle, WA 98101;9763974927
583;142;Brenda;Martinez;5;3.99;1976-04-26;456 Oak Avenue, Los Angeles, CA 90001;3162338380
584;780;Kenneth;Martin;33;4.34;2007-06-07;Copacabana Beach 100, Rio de Janeiro, Brazil 22070-011;1360328563
585;850;Samantha;Jackson;4;3.27;1970-01-06;555 Mountain Street, Washington, DC 20001;3710631414
586;194;George;White;44;4.16;1989-12-02;Red Square 1, Moscow, Russia 109012;7381759152
587;563;Amy;Thomas;46;4.9;2004-05-27;Sagrada Família 401, Barcelona, Spain 08013;318114920
588;941;Nancy;Smith;18;3.49;1993-08-09;444 Lake View, Denver, CO 80201;2513077193
589;354;Angela;Wilson;24;4.73;1994-11-30;Sydney Opera House, Sydney, Australia 2000;3664523539
590;148;Sharon;Adams;25;3.14;1988-09-18;Burj Khalifa 1, Dubai, UAE;5924581584
591;350;Scott;Nguyen;7;3.99;1980-04-15;Taj Mahal, Agra, India 282001;4664000202
592;667;Linda;Taylor;44;3.42;1965-03-05;Forbidden City 4, Beijing, China 100006;1784083466
593;813;Mark;Miller;47;4.15;1970-04-09;CN Tower 301, Toronto, Canada M5V 2T6;5328322783
594;597;Joseph;Torres;50;4.78;2000-04-09;789 Pine Road, Chicago, IL 60601;1708394064
595;912;Ruth;Adams;43;4.17;1976-03-06;Sagrada Família 401, Barcelona, Spain 08013;2390218361
596;742;Anna;Harris;44;4.82;1968-05-16;321 Elm Boulevard, Houston, TX 77001;1533052661
597;984;Stephen;Nelson;47;3.37;1974-02-08;Marina Bay Sands 10, Singapore 018956;320019126
598;435;Ryan;Wilson;49;4.21;1983-10-13;Piazza San Marco 1, Venice, Italy 30124;1052318886
599;522;Alexander;Thompson;43;4.53;1975-05-26;Burj Khalifa 1, Dubai, UAE;8202074664
600;124;Nicholas;Rodriguez;21;4.24;1988-04-12;666 Ocean Avenue, Miami, FL 33101;5027034405
601;110;Brian;Adams;45;4.06;1968-09-06;753 Willow Avenue, San Diego, CA 92101;2464672599
602;854;Frank;Martinez;24;4.4;1985-05-23;Shibuya Crossing 2, Tokyo, Japan 150-0043;6964343094
603;243;Ashley;Rodriguez;15;4.44;2002-01-14;Gyeongbokgung Palace 161, Seoul, South Korea 03045;6956119241
604;940;Angela;Torres;7;4.74;1965-08-22;222 Park Avenue, Boston, MA 02101;1825050411
605;613;Emily;Martinez;48;4.65;1985-04-05;654 Maple Drive, Phoenix, AZ 85001;7148639809
606;307;Timothy;Harris;19;3.27;1987-11-09;555 Mountain Street, Washington, DC 20001;5806236536
607;453;Richard;Mitchell;27;3.15;1983-12-07;222 Park Avenue, Boston, MA 02101;4116884130
608;135;Margaret;Lee;6;3.77;1976-08-12;Burj Khalifa 1, Dubai, UAE;1553259162
609;788;Matthew;Martinez;32;3.58;1976-09-16;654 Maple Drive, Phoenix, AZ 85001;353671696
610;732;Timothy;Harris;49;3.04;1989-08-22;246 Spruce Road, Dallas, TX 75201;5751796130
611;95;Alexander;Rodriguez;32;4.89;1986-07-01;Marina Bay Sands 10, Singapore 018956;5354431852
612;715;Scott;Williams;33;4.05;1998-12-07;555 Mountain Street, Washington, DC 20001;316451770
613;855;Rachel;Martin;38;3.06;1977-10-11;Champs-Élysées 75, Paris, France 75008;310201614
614;605;Kimberly;Moore;43;4.27;1961-12-07;654 Maple Drive, Phoenix, AZ 85001;2170485936
615;309;Robert;Robinson;18;3.05;2001-08-05;Marina Bay Sands 10, Singapore 018956;7093908807
616;351;Richard;Harris;49;4.24;1998-05-03;Piazza San Marco 1, Venice, Italy 30124;4115229333
617;832;Amanda;Anderson;46;3.9;1997-05-14;Burj Khalifa 1, Dubai, UAE;6105859069
618;843;Jacob;Hernandez;15;4.37;1960-11-20;444 Lake View, Denver, CO 80201;2699502588
619;791;Jerry;Sanchez;32;4.92;1998-06-30;Shibuya Crossing 2, Tokyo, Japan 150-0043;6756919127
620;302;Laura;Robinson;6;3.36;2007-09-22;Forbidden City 4, Beijing, China 100006;3702867364
621;90;Samuel;Mitchell;32;4.82;1971-04-09;246 Spruce Road, Dallas, TX 75201;633581678
622;679;Amy;Hernandez;42;4.26;2007-02-17;Sagrada Família 401, Barcelona, Spain 08013;3638196305
623;228;Christopher;Young;27;3.02;1970-06-04;123 Main Street, New York, NY 10001;7080426523
624;121;Donald;Brown;28;3.5;1996-05-29;222 Park Avenue, Boston, MA 02101;5610687340
625;54;Paul;Nguyen;33;3.07;1975-11-17;Marina Bay Sands 10, Singapore 018956;5414130056
626;364;Mark;Jackson;20;3.85;1976-07-27;666 Ocean Avenue, Miami, FL 33101;5965799278
627;172;Dorothy;Clark;28;3.24;1965-06-11;Sydney Opera House, Sydney, Australia 2000;3312454527
628;180;Jonathan;Jones;32;4.19;1966-12-31;321 Elm Boulevard, Houston, TX 77001;8122373418
629;285;Deborah;Hall;8;3.67;1985-09-20;Table Mountain Rd, Cape Town, South Africa 8001;130213812
630;170;Brian;Wilson;49;3.39;1980-01-29;864 Palm Drive, San Jose, CA 95101;602232562
631;399;Daniel;Hall;17;4.49;1995-02-01;789 Pine Road, Chicago, IL 60601;9102394945
632;829;Sarah;Anderson;8;3.46;2002-07-21;Champs-Élysées 75, Paris, France 75008;9770932345
633;783;Nicole;Hill;5;3.1;1969-12-26;Table Mountain Rd, Cape Town, South Africa 8001;3987958452
634;649;Gregory;Lopez;16;3.5;2006-06-25;159 Birch Street, San Antonio, TX 78201;1637819779
635;308;Joshua;Wilson;40;4.96;1994-12-13;Brandenburger Tor 1, Berlin, Germany 10117;7763632067
636;904;Catherine;Clark;37;4.75;1973-05-15;Forbidden City 4, Beijing, China 100006;2216661934
637;609;Rachel;Baker;40;3.34;2007-06-16;Piazza San Marco 1, Venice, Italy 30124;4285811489
638;524;Michael;Flores;19;4.47;1967-01-21;987 Cedar Lane, Philadelphia, PA 19101;4834150002
639;573;Stephanie;Nguyen;16;4.32;1964-07-11;Brandenburger Tor 1, Berlin, Germany 10117;6925525398
640;252;David;Flores;29;3.5;1965-04-01;Piazza San Marco 1, Venice, Italy 30124;9857349225
641;807;Stephen;Perez;41;3.7;1966-05-24;Champs-Élysées 75, Paris, France 75008;6433840992
642;102;Susan;Torres;32;3.0;1972-06-16;222 Park Avenue, Boston, MA 02101;1121520300
643;440;Timothy;Robinson;30;3.81;1992-06-24;456 Oak Avenue, Los Angeles, CA 90001;6849409365
644;352;Andrew;King;0;3.64;1980-01-18;Shibuya Crossing 2, Tokyo, Japan 150-0043;9644698441
645;809;Amanda;Mitchell;12;3.17;1983-06-02;246 Spruce Road, Dallas, TX 75201;2236761982
646;804;Pamela;Anderson;39;4.35;2005-10-12;333 River Road, Seattle, WA 98101;9139795488
647;357;Amy;Perez;24;4.93;2007-08-04;Table Mountain Rd, Cape Town, South Africa 8001;6467777512
648;626;Benjamin;Brown;13;4.95;1974-03-14;333 River Road, Seattle, WA 98101;8352409587
649;58;Mary;Johnson;48;3.38;1973-01-08;Forbidden City 4, Beijing, China 100006;3003842357
650;874;Daniel;Scott;47;4.53;1979-12-07;222 Park Avenue, Boston, MA 02101;725890823
651;270;Sharon;Harris;18;4.49;2004-08-13;666 Ocean Avenue, Miami, FL 33101;6229433645
652;496;Jessica;Nguyen;1;3.8;1966-04-11;Taj Mahal, Agra, India 282001;3310060049
653;157;Anna;Robinson;27;4.85;1993-07-24;321 Elm Boulevard, Houston, TX 77001;7004461453
654;315;Ryan;Smith;45;4.06;1989-09-14;123 Main Street, New York, NY 10001;4425251121
655;759;Laura;Brown;35;4.85;2002-01-20;246 Spruce Road, Dallas, TX 75201;9447245048
656;944;James;Miller;27;3.14;1982-04-03;Piazza San Marco 1, Venice, Italy 30124;2632994436
657;866;Nicole;Jackson;3;4.82;1985-05-21;Champs-Élysées 75, Paris, France 75008;229449777
658;880;Alexander;Wilson;25;4.78;1966-09-21;321 Elm Boulevard, Houston, TX 77001;9128702406
659;438;Charles;Clark;25;3.24;1986-02-26;Shibuya Crossing 2, Tokyo, Japan 150-0043;1812098839
660;521;Samuel;Jones;24;3.23;1985-02-15;789 Pine Road, Chicago, IL 60601;3293268211
661;865;Michael;Mitchell;33;4.37;1990-05-12;222 Park Avenue, Boston, MA 02101;3092950422
662;587;Kevin;Nelson;50;4.97;1985-06-07;Marina Bay Sands 10, Singapore 018956;9248442492
663;348;Gary;Hall;29;4.82;1991-05-01;Forbidden City 4, Beijing, China 100006;997084846
664;722;Sandra;Hill;42;4.55;2006-03-24;Table Mountain Rd, Cape Town, South Africa 8001;2443762202
665;523;Thomas;Carter;33;4.32;1986-05-07;987 Cedar Lane, Philadelphia, PA 19101;1933769797
666;831;Alexander;Lewis;42;4.78;1980-07-25;Champs-Élysées 75, Paris, France 75008;8073219434
667;999;Timothy;Martinez;5;4.5;1981-06-30;Shibuya Crossing 2, Tokyo, Japan 150-0043;7882109843
668;450;Kenneth;Jackson;25;4.67;1999-07-06;864 Palm Drive, San Jose, CA 95101;4161480570
669;841;Pamela;Young;47;3.26;1972-09-06;123 Main Street, New York, NY 10001;1993916741
670;508;William;Torres;28;4.88;1977-06-21;555 Mountain Street, Washington, DC 20001;8165991295
671;518;Sharon;Roberts;4;3.14;2005-01-24;Burj Khalifa 1, Dubai, UAE;7608392435
672;161;Pamela;King;31;3.52;1997-10-20;987 Cedar Lane, Philadelphia, PA 19101;5635195528
673;938;Timothy;Baker;33;3.05;1961-06-23;333 River Road, Seattle, WA 98101;2037898197
674;636;Ryan;Gonzalez;48;4.17;2002-10-22;246 Spruce Road, Dallas, TX 75201;9200739911
675;87;Emily;Miller;32;3.64;1999-10-27;456 Oak Avenue, Los Angeles, CA 90001;8811296975
676;558;John;Rivera;28;4.65;1962-04-11;789 Pine Road, Chicago, IL 60601;753937265
677;848;Steven;Miller;37;3.11;1991-08-21;159 Birch Street, San Antonio, TX 78201;3730049716
678;43;Timothy;Gonzalez;15;3.06;1997-05-30;333 River Road, Seattle, WA 98101;3649409750
679;461;Donna;Roberts;40;3.61;1975-08-23;987 Cedar Lane, Philadelphia, PA 19101;180914779
680;379;Carol;Mitchell;42;4.67;2005-04-15;Sagrada Família 401, Barcelona, Spain 08013;8364160552
681;280;Scott;Sanchez;5;3.19;1964-05-31;Piazza San Marco 1, Venice, Italy 30124;8825208636
682;333;Patrick;Walker;32;4.72;2005-12-10;Champs-Élysées 75, Paris, France 75008;2496594922
683;401;Frank;Nguyen;47;3.09;1997-04-20;Copacabana Beach 100, Rio de Janeiro, Brazil 22070-011;9312059567
684;169;Donna;Walker;18;4.3;2006-12-17;444 Lake View, Denver, CO 80201;4100501432
685;26;Charles;Thompson;42;3.72;1967-02-11;Forbidden City 4, Beijing, China 100006;8797821137
686;141;Margaret;White;40;3.83;1990-08-25;Sagrada Família 401, Barcelona, Spain 08013;9917206860
687;526;Debra;Wright;15;3.54;1995-09-23;Sydney Opera House, Sydney, Australia 2000;6622808786
688;53;Anthony;King;44;3.48;1976-06-18;123 Main Street, New York, NY 10001;4443765435
689;706;Melissa;Carter;41;3.91;1971-12-20;789 Pine Road, Chicago, IL 60601;1031527544
690;543;Laura;Davis;2;3.28;2003-03-21;753 Willow Avenue, San Diego, CA 92101;3554880558
691;669;John;Campbell;26;4.04;2006-05-07;Shibuya Crossing 2, Tokyo, Japan 150-0043;6678878793
692;234;Anthony;Lopez;25;3.15;1964-12-21;Brandenburger Tor 1, Berlin, Germany 10117;3676634345
693;57;Betty;Garcia;3;3.2;1972-05-22;Sagrada Família 401, Barcelona, Spain 08013;7686381724
694;402;Anthony;Lee;25;3.04;1988-01-24;Taj Mahal, Agra, India 282001;3756025866
695;672;Nancy;Garcia;40;3.94;1996-07-26;Sydney Opera House, Sydney, Australia 2000;8898341209
696;703;Michael;Gonzalez;33;3.78;1981-05-14;Marina Bay Sands 10, Singapore 018956;9334786802
697;802;Kathleen;Campbell;44;4.88;1963-05-11;Brandenburger Tor 1, Berlin, Germany 10117;6887079553
698;111;Thomas;Flores;50;4.05;2006-04-05;321 Elm Boulevard, Houston, TX 77001;3289103636
699;916;Robert;Hernandez;27;4.26;2000-12-05;Brandenburger Tor 1, Berlin, Germany 10117;5334212083
700;922;Janet;Baker;12;3.22;1984-01-02;222 Park Avenue, Boston, MA 02101;7221394682
701;670;Steven;Young;14;3.6;1977-02-24;753 Willow Avenue, San Diego, CA 92101;5720280566
702;778;Patricia;Allen;16;3.41;1983-03-24;Brandenburger Tor 1, Berlin, Germany 10117;8040463865
703;478;Anna;Williams;20;3.67;1976-09-29;Burj Khalifa 1, Dubai, UAE;1783834142
704;167;Linda;King;3;4.88;2006-07-23;654 Maple Drive, Phoenix, AZ 85001;7459073565
705;708;Pamela;Martin;47;4.54;2000-08-18;666 Ocean Avenue, Miami, FL 33101;185380045
706;125;Donald;Lee;20;3.73;1997-02-10;Marina Bay Sands 10, Singapore 018956;1006719781
707;467;Mary;Green;43;4.18;1985-03-08;444 Lake View, Denver, CO 80201;304011108
708;541;Jonathan;Thomas;29;3.75;1981-12-19;753 Willow Avenue, San Diego, CA 92101;5366116068
709;322;Susan;Gonzalez;10;4.8;1964-05-31;Burj Khalifa 1, Dubai, UAE;8274253375
710;694;Nicholas;Ramirez;18;3.56;1992-05-28;Marina Bay Sands 10, Singapore 018956;6030674705
711;184;John;Young;1;4.85;1979-10-13;654 Maple Drive, Phoenix, AZ 85001;8572654530
712;817;Dorothy;Johnson;35;4.61;1987-12-23;555 Mountain Street, Washington, DC 20001;483944146
713;553;Cynthia;Martin;13;4.67;1965-03-30;Forbidden City 4, Beijing, China 100006;1144585292
714;109;Helen;Hernandez;6;4.34;1998-09-04;Taj Mahal, Agra, India 282001;358872805
715;464;Jeffrey;Clark;28;3.0;1964-08-23;Piazza San Marco 1, Venice, Italy 30124;2323396636
716;419;Samantha;Brown;21;4.67;1974-06-11;CN Tower 301, Toronto, Canada M5V 2T6;5237908085
717;400;Ryan;Hernandez;20;4.46;1986-03-16;159 Birch Street, San Antonio, TX 78201;5916326149
718;344;Jeffrey;Rodriguez;29;4.75;1977-07-02;222 Park Avenue, Boston, MA 02101;8201654626
719;389;George;Rodriguez;44;4.77;1995-09-26;Burj Khalifa 1, Dubai, UAE;3163400500
720;325;Nicholas;Torres;7;3.71;1970-01-17;Copacabana Beach 100, Rio de Janeiro, Brazil 22070-011;5986204426
721;7;Amy;Thompson;43;3.09;1988-11-19;Brandenburger Tor 1, Berlin, Germany 10117;8883197334
722;784;Cynthia;Lopez;50;3.19;1992-04-03;Red Square 1, Moscow, Russia 109012;8335993320
723;222;Larry;Rodriguez;18;4.76;2007-02-08;Gyeongbokgung Palace 161, Seoul, South Korea 03045;3372799095
724;10;Andrew;Wright;45;3.44;1995-11-23;Sagrada Família 401, Barcelona, Spain 08013;4905716431
725;525;Melissa;Allen;6;4.88;1995-08-23;333 River Road, Seattle, WA 98101;3296883880
726;750;John;Johnson;35;4.8;1966-03-25;Marina Bay Sands 10, Singapore 018956;8372875943
727;206;Matthew;White;31;3.36;2001-04-30;Sydney Opera House, Sydney, Australia 2000;3548308780
728;651;Stephen;Miller;25;3.79;1962-01-19;987 Cedar Lane, Philadelphia, PA 19101;9800503405
729;716;Sandra;Roberts;25;3.79;1980-05-27;444 Lake View, Denver, CO 80201;2452853555
730;271;Jacob;White;38;3.17;1970-02-06;159 Birch Street, San Antonio, TX 78201;3786773612
731;630;Nicole;Hernandez;6;3.46;2002-09-01;456 Oak Avenue, Los Angeles, CA 90001;9569244882
732;569;Andrew;Flores;13;3.71;2003-09-04;Sydney Opera House, Sydney, Australia 2000;7152337200
733;887;Ryan;Baker;19;3.86;1974-11-24;159 Birch Street, San Antonio, TX 78201;7883009044
734;591;Sharon;Wright;27;4.29;1967-08-15;Burj Khalifa 1, Dubai, UAE;9172677084
735;289;Emily;Wright;6;3.89;2004-01-29;Copacabana Beach 100, Rio de Janeiro, Brazil 22070-011;4945540227
736;316;Robert;Baker;1;3.87;2002-07-03;Shibuya Crossing 2, Tokyo, Japan 150-0043;6616070109
737;59;Timothy;Brown;47;4.38;1964-07-27;222 Park Avenue, Boston, MA 02101;8026604082
738;50;David;Taylor;17;3.7;1989-01-12;654 Maple Drive, Phoenix, AZ 85001;1306153279
739;269;Amy;Hall;31;3.8;1986-06-18;Champs-Élysées 75, Paris, France 75008;225066223
740;539;Sandra;Flores;23;4.0;2003-06-18;Copacabana Beach 100, Rio de Janeiro, Brazil 22070-011;6160451954
741;482;Virginia;Mitchell;3;3.63;1981-12-07;321 Elm Boulevard, Houston, TX 77001;1366136420
742;560;Paul;Garcia;1;4.7;1971-09-26;246 Spruce Road, Dallas, TX 75201;332629895
743;237;John;Ramirez;0;4.92;1965-05-22;654 Maple Drive, Phoenix, AZ 85001;3661024375
744;768;James;Lopez;22;4.02;1974-03-19;Table Mountain Rd, Cape Town, South Africa 8001;5269630493
745;717;Andrew;Adams;45;4.28;1974-01-12;Gyeongbokgung Palace 161, Seoul, South Korea 03045;4380226027
746;662;Christine;Moore;12;4.09;1996-09-23;CN Tower 301, Toronto, Canada M5V 2T6;4458634579
747;859;Susan;King;1;4.56;1972-01-17;Red Square 1, Moscow, Russia 109012;7206714522
748;861;Emma;Moore;38;4.74;1997-07-13;753 Willow Avenue, San Diego, CA 92101;2364979745
749;260;Dennis;Robinson;41;3.8;1986-11-21;Sydney Opera House, Sydney, Australia 2000;4746191525
750;347;Stephen;Williams;11;3.63;2006-07-02;Marina Bay Sands 10, Singapore 018956;5530570350
751;42;Margaret;Adams;6;3.26;1972-04-19;666 Ocean Avenue, Miami, FL 33101;2614345206
752;506;Donald;Perez;31;3.06;2006-08-16;Table Mountain Rd, Cape Town, South Africa 8001;5503270030
753;37;Gary;Moore;27;4.8;1975-01-21;864 Palm Drive, San Jose, CA 95101;5095192690
754;842;Kimberly;Thomas;6;3.02;1997-11-16;Marina Bay Sands 10, Singapore 018956;9133330183
755;570;Samuel;Roberts;15;5.01;1989-12-25;555 Mountain Street, Washington, DC 20001;7094533473
756;479;Brandon;Garcia;48;3.01;1982-05-02;159 Birch Street, San Antonio, TX 78201;5688419647
757;216;Ryan;Gonzalez;48;4.39;1997-10-24;Copacabana Beach 100, Rio de Janeiro, Brazil 22070-011;2335023695
758;150;Robert;Wright;22;3.59;1979-07-20;Sagrada Família 401, Barcelona, Spain 08013;4598209948
759;947;Angela;Moore;11;3.99;1993-10-25;987 Cedar Lane, Philadelphia, PA 19101;4265764942
760;977;Ashley;Smith;41;4.82;1981-11-25;Piazza San Marco 1, Venice, Italy 30124;9818974159
761;635;Betty;Davis;45;4.34;1987-07-30;864 Palm Drive, San Jose, CA 95101;8903876946
762;78;Carolyn;Wright;46;3.82;2006-05-03;Taj Mahal, Agra, India 282001;995119256
763;200;Richard;Moore;24;3.58;2005-08-07;864 Palm Drive, San Jose, CA 95101;2970563706
764;100;Jeffrey;Jones;12;4.57;2001-12-14;333 River Road, Seattle, WA 98101;5267201941
765;948;Michelle;Baker;13;4.67;1998-03-03;Table Mountain Rd, Cape Town, South Africa 8001;2684244484
766;349;Helen;Wilson;16;4.93;1964-02-29;Shibuya Crossing 2, Tokyo, Japan 150-0043;4038319339
767;188;Amanda;Nelson;43;4.9;1982-06-04;321 Elm Boulevard, Houston, TX 77001;5834926780
768;120;Helen;Lopez;42;4.1;2003-10-16;333 River Road, Seattle, WA 98101;5641273892
769;584;Timothy;Nelson;34;4.21;1981-01-15;Sydney Opera House, Sydney, Australia 2000;5709428229
770;254;Rachel;Adams;27;3.39;1998-03-29;Piazza San Marco 1, Venice, Italy 30124;8042592829
771;808;Gregory;Harris;42;3.54;2005-06-08;123 Main Street, New York, NY 10001;4929095254
772;17;Anna;Hall;42;3.29;1967-06-08;753 Willow Avenue, San Diego, CA 92101;8538132112
773;219;Dennis;Gonzalez;20;4.98;1984-03-04;333 River Road, Seattle, WA 98101;8912954910
774;439;Nicholas;Hall;11;4.42;1977-04-03;456 Oak Avenue, Los Angeles, CA 90001;2472210328
775;905;Benjamin;Perez;46;4.06;1979-05-18;159 Birch Street, San Antonio, TX 78201;4295439263
776;501;Susan;Roberts;42;4.01;1962-02-14;Taj Mahal, Agra, India 282001;5167683224
777;359;Alexander;Thomas;3;3.25;2005-06-21;CN Tower 301, Toronto, Canada M5V 2T6;795733571
778;284;Alexander;Rodriguez;44;3.29;1978-12-23;CN Tower 301, Toronto, Canada M5V 2T6;5365103703
779;395;Kevin;Harris;3;3.92;1962-12-31;Shibuya Crossing 2, Tokyo, Japan 150-0043;8512255684
780;223;Amanda;Robinson;48;4.81;1990-01-21;555 Mountain Street, Washington, DC 20001;171572355
781;106;Nancy;Miller;36;4.86;1983-11-24;Shibuya Crossing 2, Tokyo, Japan 150-0043;4461065105
782;835;Justin;Rivera;49;4.65;1970-07-27;987 Cedar Lane, Philadelphia, PA 19101;3518043791
783;317;Debra;Carter;8;3.81;1981-02-27;CN Tower 301, Toronto, Canada M5V 2T6;9033720040
784;908;Scott;Perez;16;4.98;1990-01-25;CN Tower 301, Toronto, Canada M5V 2T6;6209761675
785;191;Jacob;Baker;24;4.13;1966-11-14;753 Willow Avenue, San Diego, CA 92101;3721411784
786;709;David;Hernandez;33;3.76;1997-10-01;123 Main Street, New York, NY 10001;3530760109
787;303;Jeffrey;Smith;35;4.51;1988-05-25;666 Ocean Avenue, Miami, FL 33101;8144193443
788;146;Donald;Ramirez;49;4.24;1989-09-19;Shibuya Crossing 2, Tokyo, Japan 150-0043;4141191525
789;14;Benjamin;Wilson;28;3.91;1985-03-21;789 Pine Road, Chicago, IL 60601;256670667
790;520;Steven;Garcia;8;4.77;1981-09-15;864 Palm Drive, San Jose, CA 95101;9420715752
791;378;Karen;Johnson;26;3.08;1964-07-14;Champs-Élysées 75, Paris, France 75008;9412753402
792;393;Emma;Robinson;38;3.3;1981-08-20;321 Elm Boulevard, Houston, TX 77001;630492977
793;664;Emma;Adams;14;4.45;1982-06-20;864 Palm Drive, San Jose, CA 95101;6891239201
794;844;Nancy;Nguyen;20;3.58;1989-02-15;Table Mountain Rd, Cape Town, South Africa 8001;8134419062
795;627;Rachel;Hill;49;3.22;1973-12-17;Shibuya Crossing 2, Tokyo, Japan 150-0043;6547734376
796;82;Michelle;Baker;39;3.68;2005-06-24;444 Lake View, Denver, CO 80201;4021544277
797;297;Ronald;Hill;18;3.39;1992-06-23;Burj Khalifa 1, Dubai, UAE;510978052
798;838;Amy;Baker;30;3.61;1976-08-05;159 Birch Street, San Antonio, TX 78201;4121835981
799;623;Raymond;Young;46;4.1;1994-07-14;Piazza San Marco 1, Venice, Italy 30124;6815812812
800;562;Scott;Davis;18;3.45;1967-12-10;753 Willow Avenue, San Diego, CA 92101;3351907580
801;688;Maria;Ramirez;17;4.28;1970-05-21;222 Park Avenue, Boston, MA 02101;2296856461
802;571;Melissa;Baker;45;3.68;1997-09-06;Table Mountain Rd, Cape Town, South Africa 8001;3471522518
803;154;Mary;Garcia;43;3.45;1971-07-06;Piazza San Marco 1, Venice, Italy 30124;3837192299
804;335;Christopher;Flores;33;4.37;1999-12-03;Marina Bay Sands 10, Singapore 018956;7972737865
805;774;Michelle;Nelson;31;3.53;1981-03-05;753 Willow Avenue, San Diego, CA 92101;726316704
806;369;Sandra;Garcia;20;4.05;1963-07-15;Burj Khalifa 1, Dubai, UAE;9939593908
807;596;Catherine;Brown;47;4.82;2002-12-19;Burj Khalifa 1, Dubai, UAE;2662949588
808;785;Betty;Miller;12;3.89;1968-08-27;654 Maple Drive, Phoenix, AZ 85001;5116058718
809;870;Helen;Taylor;42;4.36;1988-07-11;Forbidden City 4, Beijing, China 100006;7234209758
810;412;Jason;Wilson;6;3.08;1984-04-07;123 Main Street, New York, NY 10001;7262501867
811;197;Carol;Garcia;37;4.65;1983-11-20;321 Elm Boulevard, Houston, TX 77001;2161687537
812;663;Samuel;Garcia;15;3.79;1993-12-04;Red Square 1, Moscow, Russia 109012;7729752657
813;475;Ronald;Brown;30;3.54;1989-05-17;456 Oak Avenue, Los Angeles, CA 90001;7442055770
814;89;Frank;Wright;14;3.44;1995-07-16;Sydney Opera House, Sydney, Australia 2000;4304653456
815;477;Nancy;Hill;47;3.79;2000-09-19;987 Cedar Lane, Philadelphia, PA 19101;6117020815
816;384;Christopher;Smith;13;3.86;1967-07-29;222 Park Avenue, Boston, MA 02101;4580314451
817;203;Cynthia;Rodriguez;12;3.07;1981-07-22;555 Mountain Street, Washington, DC 20001;1414972641
818;363;Angela;Rivera;27;3.28;1967-06-13;753 Willow Avenue, San Diego, CA 92101;6805300298
819;305;Dorothy;Carter;46;4.87;1973-12-05;Marina Bay Sands 10, Singapore 018956;6017705739
820;130;Angela;Anderson;12;3.1;1990-04-29;Marina Bay Sands 10, Singapore 018956;9503943608
821;932;James;Rodriguez;19;4.48;1978-01-18;222 Park Avenue, Boston, MA 02101;1717178315
822;31;Janet;Lee;1;4.04;2006-10-15;246 Spruce Road, Dallas, TX 75201;698236348
823;964;Brenda;Mitchell;14;3.5;1978-10-18;555 Mountain Street, Washington, DC 20001;2331176576
824;800;Gary;Martin;1;3.08;1996-01-10;Table Mountain Rd, Cape Town, South Africa 8001;8010349294
825;63;John;Wilson;4;3.08;1977-06-06;321 Elm Boulevard, Houston, TX 77001;1367331008
826;432;Jason;Rivera;19;3.06;1982-08-22;864 Palm Drive, San Jose, CA 95101;5514684853
827;675;Betty;Roberts;32;4.49;1975-01-14;Sydney Opera House, Sydney, Australia 2000;3729420026
828;505;Katherine;King;50;3.56;1974-08-26;Piazza San Marco 1, Venice, Italy 30124;5665010566
829;991;Pamela;Hill;28;4.75;1981-08-04;321 Elm Boulevard, Houston, TX 77001;1198693552
830;301;Justin;Rivera;3;3.62;1963-06-06;Taj Mahal, Agra, India 282001;1993727716
831;972;Steven;Wilson;37;4.83;1965-05-05;Brandenburger Tor 1, Berlin, Germany 10117;2994409880
832;925;Susan;King;47;4.24;2000-04-26;Burj Khalifa 1, Dubai, UAE;8132575125
833;108;Karen;Walker;27;4.57;1967-08-06;864 Palm Drive, San Jose, CA 95101;1884279513
834;980;Timothy;Martinez;23;3.16;1972-06-15;Burj Khalifa 1, Dubai, UAE;8821174256
835;646;Mark;Harris;15;4.17;1977-07-10;Gyeongbokgung Palace 161, Seoul, South Korea 03045;9384460817
836;860;Nicole;Harris;45;4.85;1963-06-02;864 Palm Drive, San Jose, CA 95101;1107396369
837;892;Catherine;Moore;9;4.86;1963-04-17;246 Spruce Road, Dallas, TX 75201;6699619339
838;624;Rachel;Scott;28;4.3;1990-12-31;Brandenburger Tor 1, Berlin, Germany 10117;4447034789
839;544;Debra;Smith;28;3.0;1967-11-30;753 Willow Avenue, San Diego, CA 92101;4912910681
840;592;Ashley;Miller;39;4.36;2006-11-23;123 Main Street, New York, NY 10001;1387682215
841;633;Robert;Lopez;45;3.53;2002-01-28;Shibuya Crossing 2, Tokyo, Japan 150-0043;4105144567
842;846;Carol;Mitchell;49;5.01;1967-03-07;123 Main Street, New York, NY 10001;7395384659
843;554;Jonathan;Williams;35;3.43;2000-07-29;666 Ocean Avenue, Miami, FL 33101;5595699616
844;224;Jeffrey;Rivera;12;3.52;1961-07-31;123 Main Street, New York, NY 10001;9432872758
845;683;Mary;Lee;30;4.63;1996-10-10;CN Tower 301, Toronto, Canada M5V 2T6;1663225765
846;540;Linda;Jones;37;3.33;2001-08-03;666 Ocean Avenue, Miami, FL 33101;7213146191
847;155;Lisa;Wright;11;3.04;2002-10-23;555 Mountain Street, Washington, DC 20001;691290975
848;377;Matthew;Lewis;9;3.73;1976-09-02;159 Birch Street, San Antonio, TX 78201;3052592182
849;273;Donna;Anderson;28;4.28;1961-08-08;654 Maple Drive, Phoenix, AZ 85001;4903121350
850;145;Angela;Harris;47;3.54;2001-07-22;555 Mountain Street, Washington, DC 20001;4013154800
851;388;Anthony;Johnson;4;3.2;1988-06-21;Table Mountain Rd, Cape Town, South Africa 8001;2531726224
852;22;Christine;Sanchez;3;3.66;1996-12-11;Forbidden City 4, Beijing, China 100006;4270799840
853;334;Alexander;Ramirez;45;5.01;1967-06-10;Champs-Élysées 75, Paris, France 75008;114694711
854;992;Janet;Rodriguez;31;4.95;1996-06-05;456 Oak Avenue, Los Angeles, CA 90001;9713243687
855;403;Alexander;Thomas;36;4.93;1975-05-16;246 Spruce Road, Dallas, TX 75201;263857211
856;705;Betty;Clark;17;3.75;1995-02-23;Copacabana Beach 100, Rio de Janeiro, Brazil 22070-011;6757259213
857;36;Justin;Campbell;4;4.02;1962-11-30;321 Elm Boulevard, Houston, TX 77001;500710352
858;795;Christine;Wright;41;4.67;1993-11-25;Brandenburger Tor 1, Berlin, Germany 10117;467566871
859;557;Frank;Smith;20;4.63;1973-06-04;123 Main Street, New York, NY 10001;2079925733
860;840;Alexander;Rodriguez;46;3.52;1984-09-21;Copacabana Beach 100, Rio de Janeiro, Brazil 22070-011;8448199311
861;408;Sandra;Lewis;25;3.6;1982-09-13;CN Tower 301, Toronto, Canada M5V 2T6;1898713042
862;186;Thomas;Allen;22;3.28;2002-02-14;864 Palm Drive, San Jose, CA 95101;3847962231
863;504;Mary;Hernandez;48;4.27;1979-01-04;Taj Mahal, Agra, India 282001;575446930
864;372;Jonathan;Williams;26;4.62;1961-02-08;Copacabana Beach 100, Rio de Janeiro, Brazil 22070-011;1046119836
865;251;Ruth;White;7;3.45;1971-05-30;222 Park Avenue, Boston, MA 02101;8825233872
866;982;Steven;Flores;2;3.69;1999-05-04;Burj Khalifa 1, Dubai, UAE;4653917177
867;91;Brandon;Taylor;43;4.86;1984-09-30;456 Oak Avenue, Los Angeles, CA 90001;5205854315
868;314;Rebecca;Taylor;47;3.33;1989-04-01;Piazza San Marco 1, Venice, Italy 30124;862254300
869;397;Rebecca;Allen;34;4.31;1976-05-23;789 Pine Road, Chicago, IL 60601;9239117704
870;44;William;King;37;3.02;1974-06-23;753 Willow Avenue, San Diego, CA 92101;8746917084
871;930;Ryan;Lewis;24;4.85;1975-06-27;CN Tower 301, Toronto, Canada M5V 2T6;8925773607
872;463;Lisa;Ramirez;19;4.68;1968-09-29;Marina Bay Sands 10, Singapore 018956;1693154324
873;11;Robert;Davis;46;4.25;1981-12-04;Sagrada Família 401, Barcelona, Spain 08013;6683146010
874;567;Scott;Robinson;30;3.3;1969-09-27;555 Mountain Street, Washington, DC 20001;7784754004
875;602;Michelle;Nguyen;33;3.02;1962-09-09;Forbidden City 4, Beijing, China 100006;5128112129
876;921;Daniel;Martin;27;3.76;1985-04-22;Red Square 1, Moscow, Russia 109012;6719798968
877;790;Scott;King;33;4.71;1967-07-16;CN Tower 301, Toronto, Canada M5V 2T6;3960204476
878;328;Deborah;Ramirez;43;3.78;1986-10-01;Champs-Élysées 75, Paris, France 75008;3396001666
879;827;Kimberly;Hall;11;3.64;1969-10-25;Taj Mahal, Agra, India 282001;6575506752
880;872;Nancy;Hernandez;48;4.41;1998-10-29;Red Square 1, Moscow, Russia 109012;9538110264
881;380;Brenda;Campbell;35;3.68;1966-04-13;Forbidden City 4, Beijing, China 100006;9327578751
882;692;Rebecca;King;17;4.71;1980-08-25;Sydney Opera House, Sydney, Australia 2000;3213516834
883;766;Margaret;Perez;49;3.64;1967-07-05;Champs-Élysées 75, Paris, France 75008;5063731956
884;934;Maria;Allen;35;4.58;1982-11-04;444 Lake View, Denver, CO 80201;6749928020
885;75;Charles;Martinez;37;3.93;1966-01-24;159 Birch Street, San Antonio, TX 78201;3392165902
886;509;Lisa;White;34;3.6;1969-05-29;Brandenburger Tor 1, Berlin, Germany 10117;7475292685
887;877;Andrew;Campbell;14;3.95;1962-07-20;456 Oak Avenue, Los Angeles, CA 90001;6970160532
888;869;Paul;Hall;9;3.69;1985-08-20;222 Park Avenue, Boston, MA 02101;1444320967
889;998;Carol;Martinez;42;4.19;1964-12-29;Piazza San Marco 1, Venice, Italy 30124;4885185779
890;88;Andrew;Young;20;3.71;1983-05-08;Sagrada Família 401, Barcelona, Spain 08013;9317313487
891;632;Linda;Mitchell;9;5.0;2004-01-10;123 Main Street, New York, NY 10001;8128595140
892;507;Matthew;Lee;43;3.7;1968-03-19;864 Palm Drive, San Jose, CA 95101;9436799858
893;253;Barbara;Thomas;40;3.37;1963-08-01;Red Square 1, Moscow, Russia 109012;472526042
894;974;Sarah;Robinson;3;4.51;2004-08-20;Red Square 1, Moscow, Russia 109012;692757762
895;96;Jeffrey;Harris;45;4.02;1978-02-18;Sydney Opera House, Sydney, Australia 2000;9096604489
896;324;Ruth;Harris;30;3.4;1979-11-25;Piazza San Marco 1, Venice, Italy 30124;3311994717
897;33;Debra;Hernandez;40;3.78;1968-10-20;321 Elm Boulevard, Houston, TX 77001;8181197410
898;131;Dennis;Hernandez;33;3.77;1971-09-10;123 Main Street, New York, NY 10001;9801368283
899;741;Gary;Green;44;3.71;1991-01-09;159 Birch Street, San Antonio, TX 78201;5744295733
900;729;Stephen;Green;36;4.67;1997-10-16;987 Cedar Lane, Philadelphia, PA 19101;3587869148
901;805;Mark;Rivera;39;4.15;2000-05-16;Marina Bay Sands 10, Singapore 018956;9050402299
902;156;Karen;Johnson;39;3.29;1980-12-11;555 Mountain Street, Washington, DC 20001;183132731
903;721;Brian;Torres;16;4.27;1972-01-14;Gyeongbokgung Palace 161, Seoul, South Korea 03045;2384038796
904;676;Carol;Young;20;3.96;1960-12-13;CN Tower 301, Toronto, Canada M5V 2T6;922851675
905;818;Jessica;Williams;25;3.77;1999-03-21;Table Mountain Rd, Cape Town, South Africa 8001;2819606092
906;621;Elizabeth;Johnson;6;3.22;1967-12-02;Shibuya Crossing 2, Tokyo, Japan 150-0043;860947545
907;727;Gregory;Miller;17;4.21;1991-09-20;Red Square 1, Moscow, Russia 109012;1994426474
908;218;Gregory;Garcia;0;3.67;1965-09-26;864 Palm Drive, San Jose, CA 95101;415962932
909;911;Emma;Adams;47;4.39;1977-02-24;Burj Khalifa 1, Dubai, UAE;9998005197
910;897;Emily;Smith;1;3.77;1986-09-20;Taj Mahal, Agra, India 282001;7231541261
911;546;Samuel;Perez;48;3.23;2006-10-14;Burj Khalifa 1, Dubai, UAE;406546149
912;666;Jack;Young;43;4.17;1988-04-17;Brandenburger Tor 1, Berlin, Germany 10117;4002703703
913;8;Laura;Martinez;47;4.39;1984-10-05;456 Oak Avenue, Los Angeles, CA 90001;8976873902
914;30;Justin;Carter;2;3.34;1995-09-11;222 Park Avenue, Boston, MA 02101;9911014481
915;192;Samantha;Mitchell;45;4.28;1961-12-03;Gyeongbokgung Palace 161, Seoul, South Korea 03045;8640192083
916;637;David;Ramirez;41;3.47;1970-10-11;Forbidden City 4, Beijing, China 100006;3926864246
917;56;Amy;Hall;17;4.21;1962-07-16;Brandenburger Tor 1, Berlin, Germany 10117;980467283
918;728;Gregory;Roberts;45;3.13;1978-07-29;321 Elm Boulevard, Houston, TX 77001;6255852462
919;614;Raymond;Campbell;46;4.93;1992-04-11;Marina Bay Sands 10, Singapore 018956;738276617
920;625;Betty;King;45;3.53;1976-02-07;666 Ocean Avenue, Miami, FL 33101;8294814758
921;83;Emily;Davis;40;4.96;1992-01-29;222 Park Avenue, Boston, MA 02101;1795902745
922;160;Benjamin;Miller;26;3.95;1992-08-31;246 Spruce Road, Dallas, TX 75201;4172808464
923;650;Robert;Johnson;42;3.24;1962-04-20;246 Spruce Road, Dallas, TX 75201;8747992036
924;485;Maria;Garcia;41;3.03;1978-07-13;753 Willow Avenue, San Diego, CA 92101;8963986721
925;373;Daniel;Miller;2;4.23;1975-09-03;Piazza San Marco 1, Venice, Italy 30124;3178533053
926;445;Jennifer;Moore;50;4.59;1976-07-25;333 River Road, Seattle, WA 98101;9631018364
927;128;Virginia;Green;22;4.13;2001-07-02;Brandenburger Tor 1, Berlin, Germany 10117;4576882329
928;658;Patrick;Adams;44;4.39;1984-11-09;753 Willow Avenue, San Diego, CA 92101;6266292767
929;443;Michelle;Sanchez;20;3.4;2000-06-02;222 Park Avenue, Boston, MA 02101;830722773
930;391;Janet;Martinez;10;3.77;1978-01-22;444 Lake View, Denver, CO 80201;1469907729
931;973;Patrick;Nguyen;39;4.17;1998-12-31;321 Elm Boulevard, Houston, TX 77001;7076584271
932;423;Brian;Torres;8;4.31;1978-01-29;Champs-Élysées 75, Paris, France 75008;329564642
933;690;Pamela;King;47;3.38;1983-03-23;666 Ocean Avenue, Miami, FL 33101;4911669226
934;240;Margaret;Thompson;16;4.71;1967-10-13;Copacabana Beach 100, Rio de Janeiro, Brazil 22070-011;9501151664
935;76;Patricia;Green;9;4.07;1964-08-08;Red Square 1, Moscow, Russia 109012;3752191618
936;183;Deborah;Wilson;7;4.32;1982-11-05;864 Palm Drive, San Jose, CA 95101;5040082621
937;198;Jennifer;Moore;46;3.95;1969-10-18;Gyeongbokgung Palace 161, Seoul, South Korea 03045;8726504208
938;966;Brenda;Campbell;13;3.82;1963-01-11;Taj Mahal, Agra, India 282001;3052277762
939;961;Dennis;Jackson;38;4.11;1968-12-08;753 Willow Avenue, San Diego, CA 92101;9700512823
940;49;Patrick;Hill;49;5.01;1995-09-14;Copacabana Beach 100, Rio de Janeiro, Brazil 22070-011;2199646044
941;250;Paul;Wilson;17;3.38;1975-06-15;222 Park Avenue, Boston, MA 02101;8406464162
942;695;Amy;Sanchez;21;3.23;1965-04-13;321 Elm Boulevard, Houston, TX 77001;8203387970
943;836;Brian;Green;27;4.07;1983-07-04;Champs-Élysées 75, Paris, France 75008;3378670597
944;772;Emma;Martin;6;3.1;1978-09-07;Shibuya Crossing 2, Tokyo, Japan 150-0043;5395347338
945;29;Brian;Wilson;43;3.57;1983-11-07;Sagrada Família 401, Barcelona, Spain 08013;7152346970
946;687;Sharon;Thompson;0;4.19;2007-01-24;333 River Road, Seattle, WA 98101;5332903662
947;888;Steven;Robinson;1;3.32;1970-02-05;987 Cedar Lane, Philadelphia, PA 19101;9979195711
948;816;Sarah;Rodriguez;7;4.26;1975-02-08;Champs-Élysées 75, Paris, France 75008;3474505095
949;437;Ronald;Mitchell;3;3.76;1976-04-14;159 Birch Street, San Antonio, TX 78201;767934234
950;725;Nancy;Sanchez;7;4.9;1969-06-10;Taj Mahal, Agra, India 282001;749607740
951;426;Samuel;Martin;40;4.39;2001-04-24;123 Main Street, New York, NY 10001;6201451389
952;313;Laura;Nguyen;38;3.98;1999-01-24;456 Oak Avenue, Los Angeles, CA 90001;9937214328
953;814;Matthew;Hernandez;36;3.35;1993-05-11;CN Tower 301, Toronto, Canada M5V 2T6;7348383303
954;468;Karen;King;33;3.06;1962-05-27;Marina Bay Sands 10, Singapore 018956;2594027082
955;797;Christine;Williams;30;3.78;1970-02-25;666 Ocean Avenue, Miami, FL 33101;9423073033
956;300;Michael;Martin;22;4.9;1975-11-26;246 Spruce Road, Dallas, TX 75201;5896356489
957;548;Alexander;White;35;4.01;1998-08-27;222 Park Avenue, Boston, MA 02101;9488231958
958;312;Ronald;Jackson;34;3.24;1962-02-16;789 Pine Road, Chicago, IL 60601;9653121788
959;147;Carolyn;Sanchez;7;4.09;1985-03-30;Forbidden City 4, Beijing, China 100006;2312738401
960;178;Christopher;Moore;42;4.23;2005-06-17;Champs-Élysées 75, Paris, France 75008;3504736705
961;411;Dennis;Thompson;29;4.19;1964-03-31;159 Birch Street, San Antonio, TX 78201;5810325349
962;538;Matthew;Garcia;50;3.05;1964-06-24;222 Park Avenue, Boston, MA 02101;4462927737
963;239;Jason;Smith;27;3.17;1965-11-26;Burj Khalifa 1, Dubai, UAE;9973123080
964;484;Paul;Rivera;27;4.09;1984-01-15;Sydney Opera House, Sydney, Australia 2000;9646338345
965;755;Steven;Torres;50;4.5;1963-09-20;123 Main Street, New York, NY 10001;7814076720
966;249;Susan;Green;29;4.6;1976-03-09;789 Pine Road, Chicago, IL 60601;5334904829
967;123;Frank;Lopez;7;3.28;1971-07-31;Marina Bay Sands 10, Singapore 018956;5403702278
968;137;Kathleen;Thompson;35;4.79;1997-01-06;Brandenburger Tor 1, Berlin, Germany 10117;2850728267
969;806;Christine;Baker;4;3.5;2006-10-30;Forbidden City 4, Beijing, China 100006;9855003604
970;407;James;Martinez;32;4.41;1994-11-27;Taj Mahal, Agra, India 282001;1813818688
971;143;Rachel;White;25;3.39;1974-11-25;Copacabana Beach 100, Rio de Janeiro, Brazil 22070-011;1817781333
972;320;Timothy;Green;3;3.28;1985-03-16;Sagrada Família 401, Barcelona, Spain 08013;3812915267
973;851;John;Harris;11;4.1;1990-10-01;Table Mountain Rd, Cape Town, South Africa 8001;2107076087
974;601;Patrick;Lewis;32;3.9;1974-05-16;Burj Khalifa 1, Dubai, UAE;5023255175
975;876;Nancy;Scott;27;3.15;2006-11-06;666 Ocean Avenue, Miami, FL 33101;4574492038
976;775;Jacob;Robinson;40;4.94;1979-01-21;Piazza San Marco 1, Venice, Italy 30124;8285374622
977;118;Emma;Harris;6;4.19;1964-01-04;Marina Bay Sands 10, Singapore 018956;5746175656
978;857;Edward;Campbell;15;3.6;1989-07-30;864 Palm Drive, San Jose, CA 95101;5326383611
979;510;Nancy;Brown;15;4.62;2007-09-12;Champs-Élysées 75, Paris, France 75008;3699774738
980;486;Jessica;White;42;3.45;1979-08-23;555 Mountain Street, Washington, DC 20001;7406667504
981;781;Jerry;Nelson;8;4.64;1978-03-13;Burj Khalifa 1, Dubai, UAE;5289101177
982;366;Stephen;Mitchell;39;4.44;1981-03-05;Piazza San Marco 1, Venice, Italy 30124;1472987636
983;967;Thomas;Mitchell;13;4.19;2000-12-26;Red Square 1, Moscow, Russia 109012;5234662024
984;704;James;Nguyen;9;4.87;1979-09-18;Burj Khalifa 1, Dubai, UAE;7711252800
985;615;Deborah;Scott;30;4.36;1971-09-27;444 Lake View, Denver, CO 80201;2953688080
986;773;Melissa;Martin;8;4.67;1973-06-21;Forbidden City 4, Beijing, China 100006;7635575547
987;421;Maria;Allen;17;3.98;2002-09-20;Red Square 1, Moscow, Russia 109012;2821205460
988;794;Justin;Carter;26;3.72;1998-10-16;Sydney Opera House, Sydney, Australia 2000;5993644344
989;575;Carol;Gonzalez;4;3.51;1964-11-14;123 Main Street, New York, NY 10001;7785620432
990;114;Virginia;Jones;14;4.09;2001-02-11;Burj Khalifa 1, Dubai, UAE;8146458907
991;983;Carolyn;Perez;41;4.45;1976-08-28;Sydney Opera House, Sydney, Australia 2000;2059473821
992;311;Thomas;Scott;5;3.73;1997-11-16;987 Cedar Lane, Philadelphia, PA 19101;889306847
993;434;Jessica;Johnson;13;3.56;1990-12-06;Sydney Opera House, Sydney, Australia 2000;9778741651
994;286;Edward;Young;17;3.25;2004-12-15;Copacabana Beach 100, Rio de Janeiro, Brazil 22070-011;2719296468
995;70;Timothy;Wilson;28;3.65;1989-01-04;321 Elm Boulevard, Houston, TX 77001;7458503424
996;299;Andrew;Torres;39;3.3;1973-01-19;Burj Khalifa 1, Dubai, UAE;6269767157
997;849;Alexander;Williams;22;3.64;1982-06-03;Table Mountain Rd, Cape Town, South Africa 8001;4514626290
998;457;Alexander;Perez;42;4.13;1968-05-07;Forbidden City 4, Beijing, China 100006;277652406
999;819;Lisa;Campbell;17;3.76;1980-09-03;222 Park Avenue, Boston, MA 02101;2942680332
1000;588;David;Baker;39;5.0;1968-01-08;CN Tower 301, Toronto, Canada M5V 2T6;965674303
